flightPositionId,flightId,timestamp,icao,callsign,type,registration,altitude,prevAltitude,nextAltitude,secondsPrev,secondsNext,impliedVerticalRatePrev,impliedVerticalRateNext,verticalRate,groundSpeed,lat,lon
4437716,117259,2026-09-27T09:09:09.090Z,4BC848,PGT906,A21N,TC-RBH,101175,92775,,22.142,21.439,22762.17143889441,,-24512,181,47.90937520689883,17.69735483022839
4440845,117333,2026-09-27T09:26:18.284Z,44004F,AUA362M,A320,OE-LBQ,101175,3800,93575,12.178,0,479758.58104779106,,-1536,353,48.54262529793432,15.385918868215413
4431071,117018,2026-09-27T08:33:35.173Z,4A2182,HLJ3EH,B738,YR-HLB,101100,4700,98200,21.109,22.531,274006.3480032213,-7722.693178287693,16320,545,49.074903585143005,28.37522807874177
4430625,117062,2026-09-27T08:31:09.164Z,471F8E,WZZ5510,A320,HA-LYS,101100,5025,,37.299,20.398,154548.37931311832,,-12224,288,49.52985860533633,20.536639239336978
4441784,117340,2026-09-27T09:31:35.178Z,489227,ENT6XP,B738,SP-ESH,101100,93500,,9.171,32.036,49721.9496238142,,1472,460,49.195037841796875,17.437556340144283
4438498,117259,2026-09-27T09:13:26.979Z,4BC848,PGT906,A21N,TC-RBH,101075,99075,,21.135,15.318,5677.785663591199,,24512,648,47.728912353515625,18.439796447753906
4426538,116930,2026-09-27T08:08:05.615Z,49D365,TVS4KM,B738,OK-TSF,101000,,,11.502,0,,,28608,318,48.34117126464844,14.646888146033689
4431535,117092,2026-09-27T08:35:28.718Z,489229,ENT3ZJ,B738,SP-ESK,101000,5000,,0,46.122,,,4032,310,48.851165771484375,21.21114877554089
4433111,117108,2026-09-27T08:44:31.221Z,45213E,AMQ757,A320,LZ-EAF,101000,,,21.598,20.537,,,-4032,,48.42814636230469,16.520550067608156
4434473,117108,2026-09-27T08:52:01.212Z,45213E,AMQ757,A320,LZ-EAF,101000,,,22.311,21.108,,,24512,812,49.19975280761719,17.29867788461536
4438060,117190,2026-09-27T09:11:09.048Z,48EA4E,RYR7009,B738,SP-RNS,101000,,,21.705,21.577,,,12224,,49.29716491699219,17.306635929988033
4436981,117204,2026-09-27T09:04:41.486Z,49D3D5,TVS32R,B38M,OK-SWB,101000,,,0,0,,,-4032,563,48.22535705566406,14.877953162560061
4435637,117130,2026-09-27T08:58:11.597Z,471D68,WZZ442,A21N,HA-LDO,100775,,,23.745,21.575,,,-20416,679,48.21932000628972,18.16806190892271
4434706,117135,2026-09-27T08:53:14.499Z,4408DF,AUA99J,A320,OE-LBZ,100775,,99400,39.731,20.541,,-4016.3575288447496,-8128,938,48.37336136122881,16.2857858758224
4435820,117140,2026-09-27T08:59:11.055Z,4D22B2,RYR70WE,A320,9H-LOR,100775,,5250,43.083,6.658,,-860844.0973265244,-4032,175,48.25828422934322,16.114269055818227
4439333,117265,2026-09-27T09:17:50.977Z,39BDB9,AFR32GL,BCS3,F-HPNZ,100775,9175,93000,22.197,21.685,247601.02716583322,-21512.566290062256,-1536,480,48.39035292803231,16.710927862869994
4435572,117115,2026-09-27T08:57:45.219Z,471F5C,WZZ2HD,A320,HA-LWU,100750,4275,100750,30.554,0,189451.4629835701,,-8128,,47.25703869835805,17.977224496694703
4435638,117115,2026-09-27T08:57:45.219Z,471F5C,WZZ2HD,A320,HA-LWU,100750,100750,,0,,,,-8128,,47.25703869835805,17.977224496694703
4430717,117039,2026-09-27T08:31:34.453Z,4406DE,AUA51,B772,OE-LPE,100700,,,7.947,,,,-28608,814,49.230853581832626,15.674671373869273
4432852,117149,2026-09-27T08:43:03.153Z,3CDFC4,,E55P,D-CMAU,100675,,100675,,0,,,-24512,669,47.4400634765625,13.212432861328125
4432919,117149,2026-09-27T08:43:03.153Z,3CDFC4,,E55P,D-CMAU,100675,100675,,0,420.936,,,-24512,669,47.4400634765625,13.212432861328125
4432664,117033,2026-09-27T08:42:10.484Z,4D2300,RYR4EV,B38M,9H-VUB,100600,,3500,21.441,7.863,,-740938.5730637162,-8128,,48.99421691894531,14.918940617488033
4429329,117034,2026-09-27T08:23:50.562Z,471D64,WZZ84,A21N,HA-LDK,100600,,,20.559,22.091,,,12224,,48.419403076171875,18.18814791165869
4432759,117138,2026-09-27T08:42:37.104Z,4CA2CB,EIN66V,A320,EI-DER,100600,,,28.204,22.177,,,-16320,684,48.610198974609375,15.219937838040892
4436258,117160,2026-09-27T09:01:27.005Z,3D673B,DFLIP,C208,D-FLIP,100600,,73900,21.405,21.408,,-74831.83856502242,-8128,653,48.997833251953125,17.496079664963872
4437279,117191,2026-09-27T09:06:50.715Z,49D42B,TVS33V,B38M,OK-SWN,100600,4600,94600,21.779,19.812,264474.9529363148,-18170.805572380377,28608,811,48.558837890625,16.45406869741589
4439960,117314,2026-09-27T09:21:12.395Z,502CD7,AUA312U,BCS3,YL-CSH,100600,4200,94200,21.244,19.198,272265.1101487479,-20002.08355036983,-1024,365,48.459503173828125,15.601078913761967
4429144,116929,2026-09-27T08:22:54.358Z,48C88D,SPTEN,C150,SP-TEN,100375,3400,,33.035,23.272,176131.3758135311,,-4032,660,48.363492286811436,16.30067524157073
4428654,116986,2026-09-27T08:20:04.191Z,3CCD6D,QAJ9,LJ35,D-CFCF,100375,93800,,23.292,14.336,16937.145801133436,,-4032,,48.80727476992849,15.307207609477814
4441583,117333,2026-09-27T09:30:42.176Z,44004F,AUA362M,A320,OE-LBQ,100375,8600,,34.568,22.09,159294.72344364732,,-1984,303,48.48792641849841,15.980987548828125
4441820,117375,2026-09-27T09:31:50.579Z,48C221,RYR3706,B738,SP-RSB,100375,85975,11175,21.218,20.371,40720.143274578186,-262726.4248195965,2688,432,47.93856346001059,27.510751577524047
4429525,117040,2026-09-27T08:24:38.352Z,4692D7,AEE1DM,A320,SX-DVW,100350,30875,,0.319,,13067398.119122257,,-8128,680,47.1444288350768,13.526846078725953
4429373,117033,2026-09-27T08:24:01.757Z,4D2300,RYR4EV,B38M,9H-VUB,100275,93975,4275,20.913,23.079,18074.881652560605,-249577.53802157808,20416,,47.78448486328125,17.316650390625
4432075,117037,2026-09-27T08:38:26.072Z,489226,ENT4091,B738,SP-ESG,100275,,2775,0,47.238,,-123840.97548583767,-20416,439,47.592132568359375,15.696372985839844
4431159,117089,2026-09-27T08:34:03.575Z,4D22BD,RYR198,A320,9H-LOW,100200,91975,11000,21.027,21.105,23469.82451134256,-253589.19687277896,28608,,48.55018615722656,16.79718017578125
4432957,117136,2026-09-27T08:43:42.258Z,4A0D12,AWG610M,BCS1,YR-CHR,100200,,,21.515,21.053,,,-28608,302,49.166656494140625,21.11910306490381
4434469,117171,2026-09-27T08:51:31.540Z,44006C,AUA16G,A320,OE-LBT,100200,11000,87400,0,27.515,,-27912.047973832454,16320,677,48.460235595703125,15.590022160456783
4436559,117155,2026-09-27T09:02:52.424Z,471D61,WZZ2775,A21N,HA-LDH,99975,8600,88375,20.402,21.844,268723.65454367216,-31862.296282732095,-20416,198,48.201443946967686,18.199069374486044
4436694,117188,2026-09-27T09:03:36.931Z,471F04,WZZ28XF,A321,HA-LTK,99975,,,22.499,20.425,,,16320,,48.717289294226696,17.536492598684163
4440727,117314,2026-09-27T09:25:13.866Z,502CD7,AUA312U,BCS3,YL-CSH,99975,4375,99975,0,0,,,-1472,262,48.29054493015095,16.02934184827302
4440782,117314,2026-09-27T09:25:13.866Z,502CD7,AUA312U,BCS3,YL-CSH,99975,99975,,0,,,,-1472,262,48.29054493015095,16.02934184827302
4440475,117329,2026-09-27T09:24:12.565Z,4D2368,RYR506G,B38M,9H-VUR,99975,,,21.218,21.572,,,1920,363,48.39822025622352,16.295832583778747
4426536,116854,2026-09-27T08:08:16.836Z,4CA88C,RYR31ZH,B738,EI-ENA,99900,3900,93400,22.805,22.006,252576.18943214207,-17722.439334726892,8128,77,49.18425479177701,17.513146651418538
4430490,117034,2026-09-27T08:30:19.274Z,471D64,WZZ84,A21N,HA-LDK,99900,,3800,17.913,25.396,,-227043.62891793982,24512,804,48.93943657309322,17.45843184621708
4438841,117277,2026-09-27T09:15:19.099Z,48C232,RYR88MT,B738,SP-RST,99900,,98200,22.17,4.153,,-24560.55863231399,-24512,311,48.90103097689354,20.979116339432494
4441311,117346,2026-09-27T09:28:23.648Z,507C55,UZB236,B788,UK78705,99875,,10375,0,63.683,,-84323.91690089977,1600,522,47.940673828125,14.609550476074219
4442869,117400,2026-09-27T09:37:43.523Z,471FAD,WZZ67,A21N,HA-LZX,99875,,3575,21.494,22.227,,-259954.10986637874,1024,407,47.7652587890625,17.3616943359375
4426429,116964,2026-09-27T08:07:56.193Z,502D0F,AUA313,BCS3,YL-AAS,99800,17350,9000,21.386,21.08,231319.55484896663,-258444.02277039847,28608,,48.19853210449219,15.722703200120122
4432887,117100,2026-09-27T08:43:19.058Z,49D5EE,TVS4WY,BCS3,OK-FYD,99800,,93975,20.105,20.117,,-17373.365810011433,16320,811,48.21116638183594,16.86978853665869
4436048,117170,2026-09-27T09:00:04.460Z,424C62,MBIZZ,GLF6,M-BIZZ,99800,36500,4300,29.283,17.745,129699.82583751663,-322907.8613693998,-8128,,49.03843688964844,14.828303410456783
4438069,117218,2026-09-27T09:11:08.616Z,49D67D,TVS7SX,B38M,OK-SWO,99800,,,20.921,21.954,,,-20416,550,48.94377136230469,19.18304443359375
4437141,117226,2026-09-27T09:06:07.203Z,4D22B5,RYR7TM,A320,9H-LON,99800,91975,4200,21.767,21.409,21569.348095741258,-267924.70456350135,-28608,,48.602142333984375,15.848764272836547
4439491,117314,2026-09-27T09:18:30.384Z,502CD7,AUA312U,BCS3,YL-CSH,99800,11000,,21.545,12.424,247296.3564632165,,-3072,423,48.61180114746094,15.209514911358156
4427929,117010,2026-09-27T08:15:57.912Z,47921C,NOZ5FD,B738,LN-NIO,99575,,5175,,19.277,,-293821.65274679667,-4032,567,48.31335552668167,28.135552657277913
4438129,117188,2026-09-27T09:11:30.211Z,471F04,WZZ28XF,A321,HA-LTK,99500,9100,88300,23.207,21.031,233722.58370319297,-31952.8315344016,-16320,,49.5517381571107,17.961829932960313
4438056,117195,2026-09-27T09:11:02.117Z,49D327,TVS16H,B738,OK-TSD,99500,,,19.444,26.404,,,-20416,298,49.41245386155985,18.42681884765625
4440178,117251,2026-09-27T09:22:24.622Z,4D2491,WZZ8EU,A321,9H-WDK,99500,,87800,20.754,21.378,,-32837.49649172046,-2240,442,49.41757460771981,17.720585873252503
4438031,117273,2026-09-27T09:10:53.975Z,48A5F0,SRN156,SF34,SP-KPR,99500,92600,,21.896,21.082,18907.563025210085,,-20416,,49.21921552237818,17.101954409950622
4431729,117101,2026-09-27T08:36:58.312Z,4CA73F,RYR3CX,B738,EI-EBX,99475,,,24.301,24.029,,,-4032,,47.6649169921875,16.076705932617188
4432557,117106,2026-09-27T08:41:34.848Z,44020A,AUA152R,A320,OE-LXA,99475,47875,88375,125.498,12.994,24669.71585204545,-51254.42511928583,-12224,176,47.97395324707031,15.03753662109375
4433249,117157,2026-09-27T08:45:16.824Z,48C22D,RYR2778,B738,SP-RSN,99475,,,23.408,20.345,,,20416,80,47.63346862792969,19.746002197265625
4439800,117293,2026-09-27T09:20:22.152Z,39DE40,TVF47TR,A20N,F-HXSA,99475,,2775,21.574,22.856,,-253850.19250962549,1408,421,47.98773193359375,14.995925903320312
4427227,116986,2026-09-27T08:12:05.530Z,3CCD6D,QAJ9,LJ35,D-CFCF,99400,,15175,22.419,21.928,,-230458.77417001096,28608,,48.354766845703125,16.39871450570911
4429816,117017,2026-09-27T08:26:25.248Z,440D71,AUA33V,A320,OE-LZP,99400,91975,,20.361,16.093,21880.06482982172,,28608,,48.783782958984375,15.359097994290892
4433720,117080,2026-09-27T08:47:43.815Z,48C2B3,RYR6QZ,B38M,SP-RZU,99400,,,21.134,20.507,,,-20416,,48.97187805175781,19.35488187349756
4430516,117082,2026-09-27T08:30:34.102Z,49D283,TVS433P,B738,OK-TVY,99400,85400,,20.371,22.067,41235.08909724609,,8128,,49.252716064453125,15.734041654146608
4434773,117135,2026-09-27T08:53:35.040Z,4408DF,AUA99J,A320,OE-LBZ,99400,100775,,20.541,14.658,-4016.3575288447496,,-4032,938,48.348724365234375,16.288710374098628
4426893,116982,2026-09-27T08:08:45.588Z,48C12D,RYR68MB,B738,SP-RKN,99175,,5175,0,103.792,,-54339.44812702328,-12224,,48.1462795451536,18.61978384164661
4429052,117039,2026-09-27T08:22:21.760Z,4406DE,AUA51,B772,OE-LPE,99175,,,21.435,21.85,,,-24512,73,48.388118420617054,16.577429520456462
4434756,117140,2026-09-27T08:53:27.702Z,4D22B2,RYR70WE,A320,9H-LOR,99175,2600,92775,20.544,23.525,282053.1542056075,-16323.0605738576,4032,925,48.55342541710805,16.265620181434997
4435597,117168,2026-09-27T08:57:42.819Z,8966D0,ETD9SM,A35K,A6-XWI,99175,,,5.816,19.415,,,-4032,934,47.342193603515625,16.132598876953125
4435770,117177,2026-09-27T08:58:54.254Z,440020,AUA52,B772,OE-LPB,99175,3800,,25.313,21.596,226069.60850156046,,-4032,,48.42768782276218,16.42853586297292
4439571,117294,2026-09-27T09:19:14.214Z,44001B,AUA22D,A320,OE-LBO,99175,5000,,22.998,21.953,245695.27785024783,,-1536,334,48.432110285354874,15.825299714740936
4427312,116929,2026-09-27T08:12:36.688Z,48C88D,SPTEN,C150,SP-TEN,99100,,94300,22.068,21.353,,-13487.566149955508,-24512,918,48.857783947960804,16.742368999280416
4431029,117095,2026-09-27T08:33:20.291Z,896489,ETD8JZ,B789,A6-BLI,99100,92700,,21.027,21.547,18262.234270223995,,-28608,175,49.32125802767479,16.40013042249177
4434810,117101,2026-09-27T08:53:48.033Z,4CA73F,RYR3CX,B738,EI-EBX,99100,,,23.047,21.462,,,12224,622,49.434566174523304,37.06742570206927
4436723,117241,2026-09-27T09:03:45.395Z,4BD8C4,TKJ7MW,B38M,TC-VFD,99100,91900,4300,21.187,22.313,20389.861707650918,-254918.65728499086,12224,682,49.2381157309322,16.2227590460526
4432553,117107,2026-09-27T08:41:33.729Z,4BB06D,THY8ED,B38M,TC-LCM,99075,81075,,47.409,21.463,22780.484718091502,,28608,920,47.36810302734375,15.079353332519531
4438431,117259,2026-09-27T09:13:05.844Z,4BC848,PGT906,A21N,TC-RBH,99075,92775,101075,21.491,21.135,17588.758084779674,5677.785663591199,24512,911,47.737335205078125,18.374359130859375
4430753,117051,2026-09-27T08:31:25.661Z,452119,AMQ772,A320,LZ-EAE,99000,93575,2600,0,0,,,,,48.756532830707094,20.98547684518917
4431430,117094,2026-09-27T08:35:15.320Z,4D250A,ETD160,A332,9H-HFK,99000,93800,,21.527,27.473,14493.42685929298,,-20416,,49.33099365234375,21.079594538761967
4433860,117103,2026-09-27T08:48:27.019Z,48C2A9,RYR7SA,B38M,SP-RZK,99000,10375,,21.793,21.623,244000.36709035013,,24512,685,48.448883056640625,17.741933969350953
4434410,117103,2026-09-27T08:51:39.389Z,48C2A9,RYR7SA,B38M,SP-RZK,99000,8775,,23.016,12.64,235205.94369134516,,-28608,683,48.20191955566406,18.19814828725964
4439723,117197,2026-09-27T09:20:00.198Z,504E61,HYS445,A319,ER-SKY,99000,93800,,21.137,23.484,14760.845910015612,,832,414,49.325042724609375,16.28286508413464
4438835,117294,2026-09-27T09:15:06.785Z,44001B,AUA22D,A320,OE-LBO,99000,,80600,9.069,34.239,,-32243.932357837555,-12224,931,48.58795166015625,15.271489070011967
4430896,117080,2026-09-27T08:32:40.667Z,48C2B3,RYR6QZ,B38M,SP-RZU,98775,,92775,21.707,21.578,,-16683.659282602654,-4032,,47.44278212725106,17.90884164663464
4432234,117095,2026-09-27T08:39:45.890Z,896489,ETD8JZ,B789,A6-BLI,98775,,,20.831,21.818,,,24512,935,48.811417919094275,17.54762348375823
4442586,117317,2026-09-27T09:36:07.320Z,452198,EAF9787,A320,LZ-EAN,98775,,,25.204,1.475,,,1024,469,47.608135675979874,14.759145883413453
4439966,117328,2026-09-27T09:21:14.825Z,468D07,SEH7AG,A20N,SX-CHG,98750,,,,15.216,,,,,47.025627524165785,13.945382925180297
4429697,117051,2026-09-27T08:25:43.833Z,452119,AMQ772,A320,LZ-EAE,98700,23950,3000,23.678,22.338,189416.33583917562,-257050.76551168412,28608,947,49.43568342823093,20.41014800200594
4438722,117190,2026-09-27T09:14:44.637Z,48EA4E,RYR7009,B738,SP-RNS,98625,4225,91825,21.151,10.838,267788.75703276444,-37645.32201513195,-16320,118,49.692626953125,17.4806936163651
4427907,116941,2026-09-27T08:15:47.368Z,48418B,KLM93R,B739,PH-BXP,98600,,81175,21.08,10.599,,-98641.38126238325,-28608,709,48.18379211425781,18.227797288161128
4427576,116973,2026-09-27T08:14:00.379Z,48C233,RYR69UA,B738,SP-RSU,98600,30150,4600,21.691,20.018,189341.20141994377,-281746.4282146068,-24512,,49.04365539550781,18.475905198317378
4431359,117072,2026-09-27T08:35:02.121Z,AB0969,AAL97,B788,N810AN,98600,,,22.092,21.217,,,20416,,48.68824768066406,17.884897085336547
4434772,117177,2026-09-27T08:53:33.046Z,440020,AUA52,B772,OE-LPB,98600,,,21.493,21.106,,,4032,,48.83514404296875,16.117506760817378
4427135,116909,2026-09-27T08:11:31.233Z,4BB87A,PGT28RL,A20N,TC-NCZ,98375,98275,98275,20.975,18.784,286.0548271752086,-319.4207836456559,28608,178,47.5770853333554,27.68949068509619
4427593,116923,2026-09-27T08:13:59.724Z,4D242F,WMT893,A320,9H-WBA,98375,37000,98375,21.04,22.149,175023.76425855517,0,20416,656,48.65919210143008,28.232911762438334
4427653,116923,2026-09-27T08:14:21.873Z,4D242F,WMT893,A320,9H-WBA,98375,98375,,22.149,21.352,0,,20416,656,48.64517987784693,28.303455553556773
4429667,116923,2026-09-27T08:25:44.626Z,4D242F,WMT893,A320,9H-WBA,98375,37000,98375,22.143,4.065,166305.3786749763,0,12224,654,48.21908724510063,20.976369757401244
4429723,116923,2026-09-27T08:25:48.691Z,4D242F,WMT893,A320,9H-WBA,98375,98375,,4.065,,0,,12224,654,48.21675963320974,20.989307604338023
