flightId,icao,callsign,aircraftType,registration,startTime,endTime,flightMaxAltitude,numberOfPositions,numberOfAltitudeValues,normalAltitudeRange,extremeAltitudeCount,firstExtremeTimestamp,lastExtremeTimestamp,durationExtremeSeconds,maxExtremeAltitude,maxSupport,classification,pattern,impossibleTemporalJump,doubleAltitudeSignature,possibleUnitSignature,medianAbsImpliedRate
117259,4BC848,PGT906,A21N,TC-RBH,2026-09-27T09:05:54.069Z,2026-09-27T09:16:31.296Z,101175,28,16,11175-101175,7,2026-09-27T09:08:26.171Z,2026-09-27T09:13:26.979Z,300.808,101175,MAX_FROM_SUSTAINED_SEGMENT,HIGHLY_SUSPICIOUS,PATTERN_C_SUSTAINED_EXTREME,true,false,false,22762.17143889441
117333,44004F,AUA362M,A320,OE-LBQ,2026-09-27T09:23:35.510Z,2026-09-27T09:34:05.402Z,101175,31,19,3800-101175,3,2026-09-27T09:26:18.284Z,2026-09-27T09:30:42.176Z,263.892,101175,MAX_FROM_SHORT_SEGMENT,UNKNOWN,UNKNOWN,false,false,false,159294.72344364732
117018,4A2182,HLJ3EH,B738,YR-HLB,2026-09-27T08:17:50.986Z,2026-09-27T08:38:38.118Z,101100,62,25,2600-101100,6,2026-09-27T08:24:00.119Z,2026-09-27T08:34:19.301Z,619.182,101100,MAX_FROM_SUSTAINED_SEGMENT,HIGHLY_SUSPICIOUS,PATTERN_C_SUSTAINED_EXTREME,true,false,false,7722.693178287693
117062,471F8E,WZZ5510,A320,HA-LYS,2026-09-27T08:25:24.731Z,2026-09-27T08:32:20.383Z,101100,22,13,5025-101100,3,2026-09-27T08:25:48.063Z,2026-09-27T08:32:08.095Z,380.032,101100,MAX_FROM_SHORT_SEGMENT,UNKNOWN,PATTERN_C_SUSTAINED_EXTREME,false,false,false,154548.37931311832
117340,489227,ENT6XP,B738,SP-ESH,2026-09-27T09:24:26.325Z,2026-09-27T09:49:15.494Z,101100,78,18,15500-101100,4,2026-09-27T09:26:55.981Z,2026-09-27T09:31:35.178Z,279.197,101100,MAX_FROM_SUSTAINED_SEGMENT,HIGHLY_SUSPICIOUS,PATTERN_C_SUSTAINED_EXTREME,true,false,false,49721.9496238142
116930,49D365,TVS4KM,B738,OK-TSF,2026-09-27T07:57:00.962Z,2026-09-27T08:10:24.960Z,101000,40,17,-725-101000,2,2026-09-27T08:08:05.615Z,2026-09-27T08:08:05.615Z,0,101000,MAX_FROM_SHORT_SEGMENT,UNKNOWN,UNKNOWN,false,false,false,8919.80142823011
117092,489229,ENT3ZJ,B738,SP-ESK,2026-09-27T08:31:43.414Z,2026-09-27T08:43:20.470Z,101000,36,4,5000-101000,2,2026-09-27T08:35:28.718Z,2026-09-27T08:37:27.017Z,118.299,101000,MAX_FROM_SHORT_SEGMENT,UNKNOWN,UNKNOWN,false,false,false,
117108,45213E,AMQ757,A320,LZ-EAF,2026-09-27T08:34:18.703Z,2026-09-27T08:57:06.171Z,101000,65,20,9975-101000,5,2026-09-27T08:44:31.221Z,2026-09-27T08:55:57.033Z,685.812,101000,MAX_FROM_SUSTAINED_SEGMENT,HIGHLY_SUSPICIOUS,PATTERN_C_SUSTAINED_EXTREME,true,false,false,35475.32757178701
117190,48EA4E,RYR7009,B738,SP-RNS,2026-09-27T08:52:54.896Z,2026-09-27T09:14:55.475Z,101000,64,18,2200-101000,4,2026-09-27T09:11:09.048Z,2026-09-27T09:14:55.475Z,226.427,101000,MAX_FROM_SUSTAINED_SEGMENT,HIGHLY_SUSPICIOUS,PATTERN_C_SUSTAINED_EXTREME,true,false,false,37645.32201513195
117204,49D3D5,TVS32R,B38M,OK-SWB,2026-09-27T08:56:17.840Z,2026-09-27T09:06:08.565Z,101000,29,9,16600-101000,2,2026-09-27T09:04:41.486Z,2026-09-27T09:04:41.486Z,0,101000,MAX_FROM_SHORT_SEGMENT,UNKNOWN,UNKNOWN,false,false,false,
117130,471D68,WZZ442,A21N,HA-LDO,2026-09-27T08:39:58.974Z,2026-09-27T08:59:25.113Z,100775,57,16,4600-100775,1,2026-09-27T08:58:11.597Z,2026-09-27T08:58:11.597Z,0,100775,MAX_FROM_SINGLE_POINT,HIGHLY_SUSPICIOUS,PATTERN_B_SINGLE_RANDOM_SPIKE,false,false,false,
117135,4408DF,AUA99J,A320,OE-LBZ,2026-09-27T08:41:06.227Z,2026-09-27T08:53:49.698Z,100775,38,21,9175-100775,5,2026-09-27T08:46:27.222Z,2026-09-27T08:53:35.040Z,427.818,100775,MAX_FROM_SUSTAINED_SEGMENT,HIGHLY_SUSPICIOUS,PATTERN_C_SUSTAINED_EXTREME,true,false,false,27288.546720101243
117140,4D22B2,RYR70WE,A320,9H-LOR,2026-09-27T08:41:42.930Z,2026-09-27T08:59:17.738Z,100775,52,22,2600-100775,7,2026-09-27T08:41:42.930Z,2026-09-27T08:59:11.055Z,1048.125,100775,MAX_FROM_SUSTAINED_SEGMENT,HIGHLY_SUSPICIOUS,PATTERN_C_SUSTAINED_EXTREME,true,false,false,17053.529133112268
117265,39BDB9,AFR32GL,BCS3,F-HPNZ,2026-09-27T09:06:13.293Z,2026-09-27T09:25:52.589Z,100775,57,14,9175-100775,3,2026-09-27T09:11:13.803Z,2026-09-27T09:18:12.662Z,418.859,100775,MAX_FROM_SHORT_SEGMENT,HIGHLY_SUSPICIOUS,PATTERN_C_SUSTAINED_EXTREME,true,false,false,21512.566290062256
117115,471F5C,WZZ2HD,A320,HA-LWU,2026-09-27T08:36:24.205Z,2026-09-27T08:57:45.219Z,100750,62,13,4275-100750,2,2026-09-27T08:57:45.219Z,2026-09-27T08:57:45.219Z,0,100750,MAX_FROM_SHORT_SEGMENT,UNKNOWN,UNKNOWN,false,false,false,189451.4629835701
117039,4406DE,AUA51,B772,OE-LPE,2026-09-27T08:21:39.246Z,2026-09-27T08:31:34.453Z,100700,30,16,3575-100700,5,2026-09-27T08:21:39.246Z,2026-09-27T08:31:34.453Z,595.207,100700,MAX_FROM_SUSTAINED_SEGMENT,UNKNOWN,PATTERN_C_SUSTAINED_EXTREME,false,false,false,17978.59690844233
117149,3CDFC4,,E55P,D-CMAU,2026-09-27T08:43:03.153Z,2026-09-27T08:51:38.874Z,100675,9,2,100675-100675,2,2026-09-27T08:43:03.153Z,2026-09-27T08:43:03.153Z,0,100675,MAX_FROM_SHORT_SEGMENT,UNKNOWN,UNKNOWN,false,false,false,
117033,4D2300,RYR4EV,B38M,9H-VUB,2026-09-27T08:20:27.674Z,2026-09-27T08:44:20.047Z,100600,70,26,3500-100600,6,2026-09-27T08:22:59.284Z,2026-09-27T08:42:10.484Z,1151.2,100600,MAX_FROM_SUSTAINED_SEGMENT,HIGHLY_SUSPICIOUS,PATTERN_C_SUSTAINED_EXTREME,true,false,false,18074.881652560605
117034,471D64,WZZ84,A21N,HA-LDK,2026-09-27T08:20:59.352Z,2026-09-27T08:39:57.471Z,100600,56,17,3800-100600,4,2026-09-27T08:23:07.827Z,2026-09-27T08:30:19.274Z,431.447,100600,MAX_FROM_SUSTAINED_SEGMENT,UNKNOWN,PATTERN_C_SUSTAINED_EXTREME,false,false,false,227043.62891793982
117138,4CA2CB,EIN66V,A320,EI-DER,2026-09-27T08:41:31.608Z,2026-09-27T08:50:19.381Z,100600,27,11,15000-100600,3,2026-09-27T08:42:37.104Z,2026-09-27T08:46:03.720Z,206.616,100600,MAX_FROM_SHORT_SEGMENT,HIGHLY_SUSPICIOUS,UNKNOWN,true,false,false,14797.402747538581
117160,3D673B,DFLIP,C208,D-FLIP,2026-09-27T08:45:50.903Z,2026-09-27T09:03:14.323Z,100600,51,21,2200-100600,6,2026-09-27T08:49:25.207Z,2026-09-27T09:01:27.005Z,721.798,100600,MAX_FROM_SUSTAINED_SEGMENT,HIGHLY_SUSPICIOUS,PATTERN_C_SUSTAINED_EXTREME,true,false,false,74831.83856502242
117191,49D42B,TVS33V,B38M,OK-SWN,2026-09-27T08:52:57.244Z,2026-09-27T09:14:46.875Z,100600,63,13,4600-100600,3,2026-09-27T09:06:50.715Z,2026-09-27T09:07:33.898Z,43.183,100600,MAX_FROM_SHORT_SEGMENT,HIGHLY_SUSPICIOUS,UNKNOWN,true,false,false,18170.805572380377
117314,502CD7,AUA312U,BCS3,YL-CSH,2026-09-27T09:17:29.108Z,2026-09-27T09:25:13.866Z,100600,24,18,4200-100600,6,2026-09-27T09:18:30.384Z,2026-09-27T09:25:13.866Z,403.482,100600,MAX_FROM_SUSTAINED_SEGMENT,HIGHLY_SUSPICIOUS,PATTERN_C_SUSTAINED_EXTREME,true,false,false,192220.61220793336
116929,48C88D,SPTEN,C150,SP-TEN,2026-09-27T07:56:52.115Z,2026-09-27T08:23:32.075Z,100375,78,32,-800-100375,5,2026-09-27T08:12:36.688Z,2026-09-27T08:23:32.075Z,655.387,100375,MAX_FROM_SUSTAINED_SEGMENT,UNKNOWN,PATTERN_C_SUSTAINED_EXTREME,false,false,false,13487.566149955508
116986,3CCD6D,QAJ9,LJ35,D-CFCF,2026-09-27T08:09:56.506Z,2026-09-27T08:25:17.616Z,100375,45,25,9975-100375,5,2026-09-27T08:12:05.530Z,2026-09-27T08:20:04.191Z,478.661,100375,MAX_FROM_SUSTAINED_SEGMENT,UNKNOWN,PATTERN_C_SUSTAINED_EXTREME,false,false,false,16937.145801133436
117375,48C221,RYR3706,B738,SP-RSB,2026-09-27T09:30:01.738Z,2026-09-27T09:32:24.877Z,100375,9,7,11175-100375,2,2026-09-27T09:31:29.361Z,2026-09-27T09:31:50.579Z,21.218,100375,MAX_FROM_SHORT_SEGMENT,HIGHLY_SUSPICIOUS,UNKNOWN,true,false,false,40720.143274578186
117040,4692D7,AEE1DM,A320,SX-DVW,2026-09-27T08:21:51.560Z,2026-09-27T08:24:38.352Z,100350,9,4,30875-100350,1,2026-09-27T08:24:38.352Z,2026-09-27T08:24:38.352Z,0,100350,MAX_FROM_SINGLE_POINT,HIGHLY_SUSPICIOUS,PATTERN_B_SINGLE_RANDOM_SPIKE,false,false,false,13067398.119122257
117037,489226,ENT4091,B738,SP-ESG,2026-09-27T08:21:18.084Z,2026-09-27T08:40:55.577Z,100275,57,16,2775-100275,3,2026-09-27T08:34:55.100Z,2026-09-27T08:38:26.072Z,210.972,100275,MAX_FROM_SHORT_SEGMENT,UNKNOWN,UNKNOWN,false,false,false,123840.97548583767
117089,4D22BD,RYR198,A320,9H-LOW,2026-09-27T08:31:31.886Z,2026-09-27T08:48:08.363Z,100200,49,20,4600-100200,4,2026-09-27T08:33:42.548Z,2026-09-27T08:37:16.907Z,214.359,100200,MAX_FROM_SUSTAINED_SEGMENT,HIGHLY_SUSPICIOUS,PATTERN_C_SUSTAINED_EXTREME,true,false,false,23469.82451134256
117136,4A0D12,AWG610M,BCS1,YR-CHR,2026-09-27T08:41:10.953Z,2026-09-27T08:50:15.533Z,100200,27,3,79900-100200,2,2026-09-27T08:41:53.088Z,2026-09-27T08:43:42.258Z,109.17,100200,MAX_FROM_SHORT_SEGMENT,UNKNOWN,UNKNOWN,false,false,false,
117171,44006C,AUA16G,A320,OE-LBT,2026-09-27T08:47:38.961Z,2026-09-27T08:55:56.595Z,100200,25,15,3400-100200,4,2026-09-27T08:47:38.961Z,2026-09-27T08:51:59.055Z,260.094,100200,MAX_FROM_SUSTAINED_SEGMENT,HIGHLY_SUSPICIOUS,PATTERN_C_SUSTAINED_EXTREME,true,false,false,27912.047973832454
117155,471D61,WZZ2775,A21N,HA-LDH,2026-09-27T08:43:59.601Z,2026-09-27T09:03:46.704Z,99975,58,27,2375-99975,14,2026-09-27T08:43:59.601Z,2026-09-27T09:03:31.418Z,1171.817,99975,MAX_FROM_SUSTAINED_SEGMENT,HIGHLY_SUSPICIOUS,PATTERN_C_SUSTAINED_EXTREME,true,false,false,249.48024948024948
117188,471F04,WZZ28XF,A321,HA-LTK,2026-09-27T08:52:24.391Z,2026-09-27T09:12:43.074Z,99975,60,25,9100-99975,5,2026-09-27T09:03:36.931Z,2026-09-27T09:11:51.242Z,494.311,99975,MAX_FROM_SUSTAINED_SEGMENT,HIGHLY_SUSPICIOUS,PATTERN_C_SUSTAINED_EXTREME,true,false,false,31952.8315344016
117329,4D2368,RYR506G,B38M,9H-VUR,2026-09-27T09:21:17.403Z,2026-09-27T09:35:22.385Z,99975,40,24,3000-99975,4,2026-09-27T09:21:17.403Z,2026-09-27T09:32:09.041Z,651.638,99975,MAX_FROM_SUSTAINED_SEGMENT,HIGHLY_SUSPICIOUS,PATTERN_C_SUSTAINED_EXTREME,true,false,false,179374.97027065596
116854,4CA88C,RYR31ZH,B738,EI-ENA,2026-09-27T07:42:37.005Z,2026-09-27T08:14:13.873Z,99900,85,21,-750-99900,4,2026-09-27T08:08:16.836Z,2026-09-27T08:11:55.564Z,218.728,99900,MAX_FROM_SUSTAINED_SEGMENT,HIGHLY_SUSPICIOUS,PATTERN_C_SUSTAINED_EXTREME,true,false,false,17798.377752027813
117277,48C232,RYR88MT,B738,SP-RST,2026-09-27T09:09:34.731Z,2026-09-27T09:21:52.725Z,99900,39,4,36000-99900,2,2026-09-27T09:15:19.099Z,2026-09-27T09:15:23.252Z,4.153,99900,MAX_FROM_SHORT_SEGMENT,UNKNOWN,UNKNOWN,false,false,false,24560.55863231399
117346,507C55,UZB236,B788,UK78705,2026-09-27T09:26:25.468Z,2026-09-27T09:44:25.769Z,99875,53,10,10375-99875,1,2026-09-27T09:28:23.648Z,2026-09-27T09:28:23.648Z,0,99875,MAX_FROM_SINGLE_POINT,HIGHLY_SUSPICIOUS,PATTERN_B_SINGLE_RANDOM_SPIKE,false,false,false,84323.91690089977
117400,471FAD,WZZ67,A21N,HA-LZX,2026-09-27T09:34:28.578Z,2026-09-27T09:58:12.872Z,99875,68,4,3575-99875,1,2026-09-27T09:37:43.523Z,2026-09-27T09:37:43.523Z,0,99875,MAX_FROM_SINGLE_POINT,HIGHLY_SUSPICIOUS,PATTERN_B_SINGLE_RANDOM_SPIKE,false,false,false,259954.10986637874
116964,502D0F,AUA313,BCS3,YL-AAS,2026-09-27T08:04:40.322Z,2026-09-27T08:17:28.269Z,99800,28,15,-750-99800,1,2026-09-27T08:07:56.193Z,2026-09-27T08:07:56.193Z,0,99800,MAX_FROM_SINGLE_POINT,HIGHLY_SUSPICIOUS,PATTERN_B_SINGLE_RANDOM_SPIKE,true,false,false,258444.02277039847
117100,49D5EE,TVS4WY,BCS3,OK-FYD,2026-09-27T08:32:57.629Z,2026-09-27T08:55:21.588Z,99800,65,12,15575-99800,4,2026-09-27T08:43:19.058Z,2026-09-27T08:54:46.059Z,687.001,99800,MAX_FROM_SUSTAINED_SEGMENT,UNKNOWN,PATTERN_C_SUSTAINED_EXTREME,false,false,false,17373.365810011433
117170,424C62,MBIZZ,GLF6,M-BIZZ,2026-09-27T08:47:37.727Z,2026-09-27T09:02:05.184Z,99800,43,23,3175-99800,5,2026-09-27T08:49:23.920Z,2026-09-27T09:00:04.460Z,640.54,99800,MAX_FROM_SUSTAINED_SEGMENT,HIGHLY_SUSPICIOUS,PATTERN_C_SUSTAINED_EXTREME,true,false,false,34856.700232378
117218,49D67D,TVS7SX,B38M,OK-SWO,2026-09-27T08:58:57.063Z,2026-09-27T09:18:57.908Z,99800,61,33,3400-99800,8,2026-09-27T09:01:27.005Z,2026-09-27T09:18:57.908Z,1050.903,99800,MAX_FROM_SUSTAINED_SEGMENT,HIGHLY_SUSPICIOUS,PATTERN_C_SUSTAINED_EXTREME,true,false,false,14964.264443120906
117226,4D22B5,RYR7TM,A320,9H-LON,2026-09-27T08:59:39.352Z,2026-09-27T09:14:54.742Z,99800,45,28,4200-99800,8,2026-09-27T09:02:10.454Z,2026-09-27T09:10:43.493Z,513.039,99800,MAX_FROM_SUSTAINED_SEGMENT,HIGHLY_SUSPICIOUS,PATTERN_C_SUSTAINED_EXTREME,true,false,false,21569.348095741258
117010,47921C,NOZ5FD,B738,LN-NIO,2026-09-27T08:15:57.912Z,2026-09-27T08:32:15.822Z,99575,49,18,4775-99575,5,2026-09-27T08:15:57.912Z,2026-09-27T08:32:04.469Z,966.557,99575,MAX_FROM_SUSTAINED_SEGMENT,HIGHLY_SUSPICIOUS,PATTERN_C_SUSTAINED_EXTREME,true,false,false,293821.65274679667
117195,49D327,TVS16H,B738,OK-TSD,2026-09-27T08:54:12.284Z,2026-09-27T09:11:28.521Z,99500,52,19,4275-99500,7,2026-09-27T09:00:42.522Z,2026-09-27T09:11:28.521Z,645.999,99500,MAX_FROM_SUSTAINED_SEGMENT,UNKNOWN,PATTERN_C_SUSTAINED_EXTREME,false,false,false,33277.87021630616
117251,4D2491,WZZ8EU,A321,9H-WDK,2026-09-27T09:04:22.614Z,2026-09-27T09:26:35.965Z,99500,59,19,9025-99500,2,2026-09-27T09:22:24.622Z,2026-09-27T09:22:46.000Z,21.378,99500,MAX_FROM_SHORT_SEGMENT,HIGHLY_SUSPICIOUS,UNKNOWN,true,false,false,32837.49649172046
117273,48A5F0,SRN156,SF34,SP-KPR,2026-09-27T09:08:44.187Z,2026-09-27T09:23:16.396Z,99500,44,16,9500-99500,4,2026-09-27T09:10:32.079Z,2026-09-27T09:17:29.405Z,417.326,99500,MAX_FROM_SUSTAINED_SEGMENT,UNKNOWN,PATTERN_C_SUSTAINED_EXTREME,false,false,false,18907.563025210085
117101,4CA73F,RYR3CX,B738,EI-EBX,2026-09-27T08:33:04.289Z,2026-09-27T08:56:29.090Z,99475,67,15,4300-99475,4,2026-09-27T08:36:58.312Z,2026-09-27T08:55:34.586Z,1116.274,99475,MAX_FROM_SUSTAINED_SEGMENT,UNKNOWN,PATTERN_C_SUSTAINED_EXTREME,false,false,false,253838.45126835778
117106,44020A,AUA152R,A320,OE-LXA,2026-09-27T08:34:15.973Z,2026-09-27T08:48:01.183Z,99475,24,17,9475-99475,2,2026-09-27T08:41:34.848Z,2026-09-27T08:41:47.842Z,12.994,99475,MAX_FROM_SHORT_SEGMENT,HIGHLY_SUSPICIOUS,UNKNOWN,true,false,false,51254.42511928583
117157,48C22D,RYR2778,B738,SP-RSN,2026-09-27T08:44:53.416Z,2026-09-27T09:03:11.151Z,99475,54,21,2700-99475,4,2026-09-27T08:45:16.824Z,2026-09-27T08:57:45.820Z,748.996,99475,MAX_FROM_SUSTAINED_SEGMENT,HIGHLY_SUSPICIOUS,PATTERN_C_SUSTAINED_EXTREME,true,false,false,18481.396372170344
117293,39DE40,TVF47TR,A20N,F-HXSA,2026-09-27T09:13:05.430Z,2026-09-27T09:28:39.640Z,99475,43,15,2775-99475,3,2026-09-27T09:13:48.057Z,2026-09-27T09:20:22.152Z,394.095,99475,MAX_FROM_SHORT_SEGMENT,HIGHLY_SUSPICIOUS,PATTERN_C_SUSTAINED_EXTREME,true,false,false,157030.16241299303
117017,440D71,AUA33V,A320,OE-LZP,2026-09-27T08:17:34.711Z,2026-09-27T08:30:28.314Z,99400,38,22,3400-99400,7,2026-09-27T08:19:21.507Z,2026-09-27T08:30:28.314Z,666.807,99400,MAX_FROM_SUSTAINED_SEGMENT,HIGHLY_SUSPICIOUS,PATTERN_C_SUSTAINED_EXTREME,true,false,false,35331.15671641791
117080,48C2B3,RYR6QZ,B38M,SP-RZU,2026-09-27T08:29:49.264Z,2026-09-27T08:53:35.804Z,99400,68,17,3000-99400,6,2026-09-27T08:32:40.667Z,2026-09-27T08:51:18.312Z,1117.645,99400,MAX_FROM_SUSTAINED_SEGMENT,HIGHLY_SUSPICIOUS,PATTERN_C_SUSTAINED_EXTREME,true,false,false,16683.659282602654
117082,49D283,TVS433P,B738,OK-TVY,2026-09-27T08:30:13.731Z,2026-09-27T08:43:24.786Z,99400,46,4,28300-99400,2,2026-09-27T08:30:13.731Z,2026-09-27T08:30:34.102Z,20.371,99400,MAX_FROM_SHORT_SEGMENT,UNKNOWN,UNKNOWN,false,false,false,41235.08909724609
116982,48C12D,RYR68MB,B738,SP-RKN,2026-09-27T08:08:45.588Z,2026-09-27T08:30:39.590Z,99175,64,16,5175-99175,3,2026-09-27T08:08:45.588Z,2026-09-27T08:13:59.533Z,313.945,99175,MAX_FROM_SHORT_SEGMENT,UNKNOWN,PATTERN_C_SUSTAINED_EXTREME,false,false,false,180738.97162124192
117168,8966D0,ETD9SM,A35K,A6-XWI,2026-09-27T08:47:14.762Z,2026-09-27T09:00:33.186Z,99175,38,6,10350-99175,1,2026-09-27T08:57:42.819Z,2026-09-27T08:57:42.819Z,0,99175,MAX_FROM_SINGLE_POINT,HIGHLY_SUSPICIOUS,PATTERN_B_SINGLE_RANDOM_SPIKE,false,false,false,
117177,440020,AUA52,B772,OE-LPB,2026-09-27T08:50:10.945Z,2026-09-27T08:59:17.036Z,99175,23,9,3800-99175,3,2026-09-27T08:50:10.945Z,2026-09-27T08:58:54.254Z,523.309,99175,MAX_FROM_SHORT_SEGMENT,UNKNOWN,PATTERN_C_SUSTAINED_EXTREME,false,false,false,226069.60850156046
117294,44001B,AUA22D,A320,OE-LBO,2026-09-27T09:13:30.935Z,2026-09-27T09:22:51.049Z,99175,27,17,5000-99175,5,2026-09-27T09:15:06.785Z,2026-09-27T09:20:18.272Z,311.487,99175,MAX_FROM_SUSTAINED_SEGMENT,UNKNOWN,PATTERN_C_SUSTAINED_EXTREME,false,false,false,32243.932357837555
117095,896489,ETD8JZ,B789,A6-BLI,2026-09-27T08:32:16.177Z,2026-09-27T08:55:36.853Z,99100,62,29,9100-99100,16,2026-09-27T08:32:35.503Z,2026-09-27T08:55:36.853Z,1381.35,99100,MAX_FROM_SUSTAINED_SEGMENT,HIGHLY_SUSPICIOUS,PATTERN_C_SUSTAINED_EXTREME,true,false,false,16965.39825553532
117241,4BD8C4,TKJ7MW,B38M,TC-VFD,2026-09-27T09:01:55.926Z,2026-09-27T09:17:21.488Z,99100,45,15,4300-99100,6,2026-09-27T09:03:02.906Z,2026-09-27T09:09:30.584Z,387.678,99100,MAX_FROM_SUSTAINED_SEGMENT,HIGHLY_SUSPICIOUS,PATTERN_C_SUSTAINED_EXTREME,true,false,false,20389.861707650918
117107,4BB06D,THY8ED,B38M,TC-LCM,2026-09-27T08:34:18.813Z,2026-09-27T08:43:37.452Z,99075,25,15,4775-99075,3,2026-09-27T08:40:46.320Z,2026-09-27T08:41:33.729Z,47.409,99075,MAX_FROM_SHORT_SEGMENT,UNKNOWN,UNKNOWN,false,false,false,22780.484718091502
117051,452119,AMQ772,A320,LZ-EAE,2026-09-27T08:23:07.308Z,2026-09-27T08:33:17.400Z,99000,29,16,2600-99000,5,2026-09-27T08:24:34.148Z,2026-09-27T08:31:25.661Z,411.513,99000,MAX_FROM_SUSTAINED_SEGMENT,HIGHLY_SUSPICIOUS,PATTERN_C_SUSTAINED_EXTREME,true,false,false,189416.33583917562
117094,4D250A,ETD160,A332,9H-HFK,2026-09-27T08:32:08.340Z,2026-09-27T08:41:10.464Z,99000,27,13,17100-99000,3,2026-09-27T08:34:40.409Z,2026-09-27T08:35:15.320Z,34.911,99000,MAX_FROM_SHORT_SEGMENT,HIGHLY_SUSPICIOUS,UNKNOWN,true,false,false,14493.42685929298
117103,48C2A9,RYR7SA,B38M,SP-RZK,2026-09-27T08:33:47.598Z,2026-09-27T08:51:52.029Z,99000,54,12,8775-99000,4,2026-09-27T08:40:57.024Z,2026-09-27T08:51:39.389Z,642.365,99000,MAX_FROM_SUSTAINED_SEGMENT,UNKNOWN,PATTERN_C_SUSTAINED_EXTREME,false,false,false,235205.94369134516
117197,504E61,HYS445,A319,ER-SKY,2026-09-27T08:54:22.856Z,2026-09-27T09:24:37.279Z,99000,88,21,9800-99000,16,2026-09-27T08:55:10.745Z,2026-09-27T09:20:00.198Z,1489.453,99000,MAX_FROM_SUSTAINED_SEGMENT,HIGHLY_SUSPICIOUS,PATTERN_C_SUSTAINED_EXTREME,true,false,false,493.58341559723596
117317,452198,EAF9787,A320,LZ-EAN,2026-09-27T09:18:58.838Z,2026-09-27T09:36:08.795Z,98775,52,29,3975-98775,5,2026-09-27T09:20:25.864Z,2026-09-27T09:36:07.320Z,941.456,98775,MAX_FROM_SUSTAINED_SEGMENT,HIGHLY_SUSPICIOUS,PATTERN_C_SUSTAINED_EXTREME,true,false,false,17388.10432862597
117328,468D07,SEH7AG,A20N,SX-CHG,2026-09-27T09:21:14.825Z,2026-09-27T09:26:08.234Z,98750,5,4,30100-98750,2,2026-09-27T09:21:14.825Z,2026-09-27T09:26:00.590Z,285.765,98750,MAX_FROM_SHORT_SEGMENT,HIGHLY_SUSPICIOUS,UNKNOWN,true,false,false,11909.545408884733
116941,48418B,KLM93R,B739,PH-BXP,2026-09-27T07:59:27.711Z,2026-09-27T08:16:25.106Z,98600,50,10,31300-98600,3,2026-09-27T08:13:59.755Z,2026-09-27T08:15:57.967Z,118.212,98600,MAX_FROM_SHORT_SEGMENT,HIGHLY_SUSPICIOUS,UNKNOWN,true,false,false,98641.38126238325
116973,48C233,RYR69UA,B738,SP-RSU,2026-09-27T08:07:26.832Z,2026-09-27T08:30:37.820Z,98600,69,19,4600-98600,2,2026-09-27T08:14:00.379Z,2026-09-27T08:22:55.678Z,535.299,98600,MAX_FROM_SHORT_SEGMENT,HIGHLY_SUSPICIOUS,PATTERN_C_SUSTAINED_EXTREME,true,false,false,281746.4282146068
117072,AB0969,AAL97,B788,N810AN,2026-09-27T08:28:19.619Z,2026-09-27T08:46:58.968Z,98600,52,23,4300-98600,3,2026-09-27T08:35:02.121Z,2026-09-27T08:38:35.466Z,213.345,98600,MAX_FROM_SHORT_SEGMENT,UNKNOWN,UNKNOWN,false,false,false,18337.233178931285
116909,4BB87A,PGT28RL,A20N,TC-NCZ,2026-09-27T07:52:18.027Z,2026-09-27T08:13:05.313Z,98375,62,27,-800-98375,9,2026-09-27T08:08:39.363Z,2026-09-27T08:12:05.639Z,206.276,98375,MAX_FROM_SUSTAINED_SEGMENT,POSSIBLE,PATTERN_C_SUSTAINED_EXTREME,false,false,false,286.0548271752086
116923,4D242F,WMT893,A320,9H-WBA,2026-09-27T07:55:24.737Z,2026-09-27T08:25:48.691Z,98375,89,27,-625-98375,16,2026-09-27T08:13:59.724Z,2026-09-27T08:25:48.691Z,708.967,98375,MAX_FROM_SUSTAINED_SEGMENT,HIGHLY_SUSPICIOUS,PATTERN_C_SUSTAINED_EXTREME,true,false,false,0
117014,4402A3,AUA135P,A320,OE-LXE,2026-09-27T08:16:35.864Z,2026-09-27T08:28:58.446Z,98375,29,7,8600-98375,1,2026-09-27T08:22:33.805Z,2026-09-27T08:22:33.805Z,0,98375,MAX_FROM_SINGLE_POINT,HIGHLY_SUSPICIOUS,PATTERN_B_SINGLE_RANDOM_SPIKE,false,false,false,
117019,406440,EZY3485,A320,G-EZUF,2026-09-27T08:17:58.850Z,2026-09-27T08:36:16.338Z,98375,53,9,37000-98375,6,2026-09-27T08:23:39.937Z,2026-09-27T08:29:16.421Z,336.484,98375,MAX_FROM_SUSTAINED_SEGMENT,POSSIBLE,PATTERN_C_SUSTAINED_EXTREME,false,false,false,273.5354456348302
117045,407EEC,EZY26AP,A20N,G-UZLP,2026-09-27T08:22:18.705Z,2026-09-27T08:39:02.090Z,98375,48,13,37025-98375,12,2026-09-27T08:24:08.779Z,2026-09-27T08:38:19.577Z,850.798,98375,MAX_FROM_SUSTAINED_SEGMENT,UNKNOWN,PATTERN_C_SUSTAINED_EXTREME,false,false,false,250.87807325639739
117077,4408A6,OEFPM,C25A,OE-FPM,2026-09-27T08:29:09.672Z,2026-09-27T08:47:35.942Z,98375,54,27,2600-98375,8,2026-09-27T08:30:34.102Z,2026-09-27T08:44:50.798Z,856.696,98375,MAX_FROM_SUSTAINED_SEGMENT,HIGHLY_SUSPICIOUS,PATTERN_C_SUSTAINED_EXTREME,true,false,false,25511.654349061966
117124,4BB864,PGT60NC,A20N,TC-NCD,2026-09-27T08:38:37.736Z,2026-09-27T08:48:07.981Z,98375,29,3,98275-98375,3,2026-09-27T08:45:21.884Z,2026-09-27T08:46:07.289Z,45.405,98375,MAX_FROM_SHORT_SEGMENT,UNKNOWN,UNKNOWN,false,false,false,292.89724188430563
117127,407D5C,WUK7GL,A21N,G-WUKT,2026-09-27T08:39:27.922Z,2026-09-27T09:04:34.605Z,98375,73,14,37025-98375,13,2026-09-27T08:40:08.995Z,2026-09-27T09:03:44.442Z,1415.447,98375,MAX_FROM_SUSTAINED_SEGMENT,POSSIBLE,PATTERN_C_SUSTAINED_EXTREME,false,false,false,218.17388458601505
117169,3C6748,DLH5MV,A320,D-AIZH,2026-09-27T08:47:31.783Z,2026-09-27T09:09:10.486Z,98375,62,5,37000-98375,4,2026-09-27T08:54:17.855Z,2026-09-27T09:09:10.486Z,892.631,98375,MAX_FROM_SUSTAINED_SEGMENT,POSSIBLE,PATTERN_C_SUSTAINED_EXTREME,false,false,false,
117178,440CAC,AUA22FA,A320,OE-LZO,2026-09-27T08:50:13.810Z,2026-09-27T09:01:05.899Z,98375,33,18,2600-98375,3,2026-09-27T08:51:28.898Z,2026-09-27T08:57:22.502Z,353.604,98375,MAX_FROM_SHORT_SEGMENT,UNKNOWN,PATTERN_C_SUSTAINED_EXTREME,false,false,false,194645.5910952952
117179,461F69,FIN8YL,A320,OH-LXH,2026-09-27T08:50:23.397Z,2026-09-27T09:13:20.886Z,98375,64,23,36975-98375,22,2026-09-27T08:50:23.397Z,2026-09-27T09:12:32.648Z,1329.251,98375,MAX_FROM_SUSTAINED_SEGMENT,UNKNOWN,PATTERN_C_SUSTAINED_EXTREME,false,false,false,0
117220,3C6759,DLH3HX,A320,D-AIZY,2026-09-27T08:59:12.577Z,2026-09-27T09:22:03.540Z,98375,66,17,2375-98375,1,2026-09-27T09:01:21.644Z,2026-09-27T09:01:21.644Z,0,98375,MAX_FROM_SINGLE_POINT,HIGHLY_SUSPICIOUS,PATTERN_B_SINGLE_RANDOM_SPIKE,true,false,false,937805.2751546727
117240,4B9067,PGT5678,A320,TC-DCG,2026-09-27T09:01:28.725Z,2026-09-27T09:18:37.044Z,98375,51,8,37000-98375,7,2026-09-27T09:01:28.725Z,2026-09-27T09:09:23.727Z,475.002,98375,MAX_FROM_SUSTAINED_SEGMENT,POSSIBLE,PATTERN_C_SUSTAINED_EXTREME,false,false,false,0
117402,4D216F,ULC91,GLEX,9H-ORNET,2026-09-27T09:34:36.826Z,2026-09-27T09:59:24.529Z,98375,70,6,9975-98375,1,2026-09-27T09:37:30.223Z,2026-09-27T09:37:30.223Z,0,98375,MAX_FROM_SINGLE_POINT,HIGHLY_SUSPICIOUS,PATTERN_B_SINGLE_RANDOM_SPIKE,false,false,false,225309.0353001147
117162,4CAE4C,RYR9293,B38M,EI-IHZ,2026-09-27T08:46:15.069Z,2026-09-27T09:16:39.901Z,98300,61,6,4300-98300,1,2026-09-27T08:56:07.027Z,2026-09-27T08:56:07.027Z,0,98300,MAX_FROM_SINGLE_POINT,HIGHLY_SUSPICIOUS,PATTERN_B_SINGLE_RANDOM_SPIKE,false,false,false,
117174,471D71,WZZ94,A21N,HA-LDX,2026-09-27T08:47:52.497Z,2026-09-27T09:03:13.337Z,98300,46,17,35000-98300,14,2026-09-27T08:47:52.497Z,2026-09-27T08:54:18.209Z,385.712,98300,MAX_FROM_SUSTAINED_SEGMENT,POSSIBLE,PATTERN_C_SUSTAINED_EXTREME,false,false,false,0
117278,48C239,RYR9694,B738,SP-RSQ,2026-09-27T09:09:42.817Z,2026-09-27T09:32:07.950Z,98300,65,13,3400-98300,2,2026-09-27T09:29:16.107Z,2026-09-27T09:29:37.380Z,21.273,98300,MAX_FROM_SHORT_SEGMENT,HIGHLY_SUSPICIOUS,UNKNOWN,true,false,false,35041.651575516116
116979,408011,EZY19AL,A20N,G-UZLT,2026-09-27T08:08:16.181Z,2026-09-27T08:18:49.315Z,98275,30,2,37000-98275,1,2026-09-27T08:16:23.635Z,2026-09-27T08:16:23.635Z,0,98275,MAX_FROM_SINGLE_POINT,HIGHLY_SUSPICIOUS,PATTERN_B_SINGLE_RANDOM_SPIKE,false,false,false,
116989,4BB86D,PGT558Q,A20N,TC-NCM,2026-09-27T08:10:44.893Z,2026-09-27T08:19:48.378Z,98275,27,12,4275-98275,2,2026-09-27T08:18:36.363Z,2026-09-27T08:19:40.080Z,63.717,98275,MAX_FROM_SHORT_SEGMENT,UNKNOWN,UNKNOWN,false,false,false,
117008,40757F,EZY21UT,A20N,G-UZHP,2026-09-27T08:15:07.940Z,2026-09-27T08:19:53.296Z,98275,13,2,98275-98275,2,2026-09-27T08:17:56.996Z,2026-09-27T08:18:10.022Z,13.026,98275,MAX_FROM_SHORT_SEGMENT,UNKNOWN,UNKNOWN,false,false,false,0
117145,48C2B9,RYR5LJ,B38M,SP-RZQ,2026-09-27T08:42:28.970Z,2026-09-27T09:05:25.317Z,98275,70,21,3800-98275,2,2026-09-27T08:46:24.217Z,2026-09-27T09:02:53.485Z,989.268,98275,MAX_FROM_SHORT_SEGMENT,UNKNOWN,PATTERN_C_SUSTAINED_EXTREME,false,false,false,263896.007081955
117276,4CAFB4,,B738,EI-GSH,2026-09-27T09:09:19.740Z,2026-09-27T09:09:19.740Z,98275,2,1,98275-98275,1,2026-09-27T09:09:19.740Z,2026-09-27T09:09:19.740Z,0,98275,MAX_FROM_SINGLE_POINT,HIGHLY_SUSPICIOUS,PATTERN_B_SINGLE_RANDOM_SPIKE,false,false,false,
117320,407464,BAW716,A20N,G-TTNA,2026-09-27T09:20:04.429Z,2026-09-27T09:42:11.647Z,98275,65,6,37000-98275,4,2026-09-27T09:22:25.031Z,2026-09-27T09:37:12.171Z,887.14,98275,MAX_FROM_SUSTAINED_SEGMENT,POSSIBLE,PATTERN_C_SUSTAINED_EXTREME,false,false,false,0
117381,40666A,EZY51RK,A320,G-EZUP,2026-09-27T09:31:48.121Z,2026-09-27T09:38:50.811Z,98275,21,1,98275-98275,1,2026-09-27T09:34:16.451Z,2026-09-27T09:34:16.451Z,0,98275,MAX_FROM_SINGLE_POINT,HIGHLY_SUSPICIOUS,PATTERN_B_SINGLE_RANDOM_SPIKE,false,false,false,
116927,4BC8CE,PGT90KU,A21N,TC-RFN,2026-09-27T07:56:46.073Z,2026-09-27T08:23:04.689Z,98200,71,12,11500-98200,1,2026-09-27T08:20:47.663Z,2026-09-27T08:20:47.663Z,0,98200,MAX_FROM_SINGLE_POINT,HIGHLY_SUSPICIOUS,PATTERN_B_SINGLE_RANDOM_SPIKE,false,false,false,
116940,4D2479,WMT1DZ,A320,9H-WBY,2026-09-27T07:59:22.032Z,2026-09-27T08:28:47.195Z,98200,85,17,-800-98200,4,2026-09-27T08:07:55.727Z,2026-09-27T08:17:56.010Z,600.283,98200,MAX_FROM_SUSTAINED_SEGMENT,UNKNOWN,PATTERN_C_SUSTAINED_EXTREME,false,false,false,0
117134,440820,AUA66HJ,E195,OE-LWD,2026-09-27T08:40:50.911Z,2026-09-27T09:01:29.711Z,98200,60,31,3400-98200,3,2026-09-27T08:47:59.461Z,2026-09-27T08:57:36.098Z,576.637,98200,MAX_FROM_SHORT_SEGMENT,UNKNOWN,PATTERN_C_SUSTAINED_EXTREME,false,false,false,256840.9645082633
117147,48AF05,LOT2141,B38M,SP-LVF,2026-09-27T08:42:57.203Z,2026-09-27T09:06:52.146Z,98200,73,18,2200-98200,4,2026-09-27T08:46:55.101Z,2026-09-27T08:55:29.425Z,514.324,98200,MAX_FROM_SUSTAINED_SEGMENT,HIGHLY_SUSPICIOUS,PATTERN_C_SUSTAINED_EXTREME,true,false,false,18839.17440088655
117193,C04FDD,ACA887,A333,C-GEGI,2026-09-27T08:53:21.794Z,2026-09-27T09:02:49.227Z,98200,29,15,5175-98200,8,2026-09-27T08:53:45.004Z,2026-09-27T09:01:26.462Z,461.458,98200,MAX_FROM_SUSTAINED_SEGMENT,HIGHLY_SUSPICIOUS,PATTERN_C_SUSTAINED_EXTREME,true,false,false,17390.464228781217
117221,4D226E,RYR3EM,B738,9H-QCZ,2026-09-27T08:59:34.778Z,2026-09-27T09:10:42.429Z,98200,34,2,37000-98200,1,2026-09-27T09:09:56.797Z,2026-09-27T09:09:56.797Z,0,98200,MAX_FROM_SINGLE_POINT,HIGHLY_SUSPICIOUS,PATTERN_B_SINGLE_RANDOM_SPIKE,false,false,false,
116993,48E97A,LOT6557,B38M,SP-LYK,2026-09-27T08:11:42.947Z,2026-09-27T08:27:40.106Z,94775,45,5,36000-94775,3,2026-09-27T08:23:32.539Z,2026-09-27T08:24:50.805Z,78.266,94775,MAX_FROM_SHORT_SEGMENT,UNKNOWN,UNKNOWN,false,false,false,6020833.333333334
117205,4D24C2,WMT8DU,A320,9H-WZW,2026-09-27T08:56:32.828Z,2026-09-27T09:20:27.789Z,94775,69,3,37000-94775,1,2026-09-27T09:12:33.536Z,2026-09-27T09:12:33.536Z,0,94775,MAX_FROM_SINGLE_POINT,HIGHLY_SUSPICIOUS,PATTERN_B_SINGLE_RANDOM_SPIKE,false,false,false,
117300,440DA5,EJU79XD,A320,OE-IDS,2026-09-27T09:15:25.514Z,2026-09-27T09:31:51.043Z,94775,48,5,37000-94775,2,2026-09-27T09:22:25.414Z,2026-09-27T09:26:22.740Z,237.326,94775,MAX_FROM_SHORT_SEGMENT,UNKNOWN,UNKNOWN,false,false,false,
117071,AB5867,,B789,N830AN,2026-09-27T08:28:08.201Z,2026-09-27T08:28:14.816Z,94750,4,2,94750-94750,2,2026-09-27T08:28:14.816Z,2026-09-27T08:28:14.816Z,0,94750,MAX_FROM_SHORT_SEGMENT,UNKNOWN,UNKNOWN,false,false,false,
117150,4080AD,EZY14AR,A20N,G-UZLY,2026-09-27T08:43:16.512Z,2026-09-27T08:46:25.883Z,94750,10,10,94675-94750,10,2026-09-27T08:43:16.512Z,2026-09-27T08:46:25.883Z,189.371,94750,MAX_FROM_SUSTAINED_SEGMENT,POSSIBLE,PATTERN_C_SUSTAINED_EXTREME,false,false,false,0
117324,44D2B6,TFL70K,B738,OO-TUV,2026-09-27T09:20:52.731Z,2026-09-27T09:26:46.001Z,94750,5,4,36975-94750,3,2026-09-27T09:20:52.763Z,2026-09-27T09:26:46.001Z,353.238,94750,MAX_FROM_SHORT_SEGMENT,UNKNOWN,PATTERN_C_SUSTAINED_EXTREME,false,false,false,108187500
117374,485E30,KLM567,B78X,PH-BKK,2026-09-27T09:28:53.795Z,2026-09-27T09:29:17.181Z,94750,4,3,94750-94750,3,2026-09-27T09:28:53.795Z,2026-09-27T09:29:17.181Z,23.386,94750,MAX_FROM_SHORT_SEGMENT,UNKNOWN,UNKNOWN,false,false,false,0
117352,4D200F,WZZ298,A21N,9H-WNO,2026-09-27T09:26:53.448Z,2026-09-27T09:42:52.879Z,94700,48,8,34200-94700,3,2026-09-27T09:27:36.821Z,2026-09-27T09:30:42.503Z,185.682,94700,MAX_FROM_SHORT_SEGMENT,UNKNOWN,UNKNOWN,false,false,false,155484.10307145747
116996,407E61,EZY46RQ,A320,G-EJCE,2026-09-27T08:12:49.628Z,2026-09-27T08:14:13.397Z,94675,6,3,37000-94675,2,2026-09-27T08:14:13.397Z,2026-09-27T08:14:13.397Z,0,94675,MAX_FROM_SHORT_SEGMENT,UNKNOWN,UNKNOWN,false,false,false,81458.02928299045
116984,440184,AUA2R,B789,OE-LPM,2026-09-27T08:09:00.663Z,2026-09-27T08:18:08.357Z,94600,28,16,2375-94600,1,2026-09-27T08:14:09.308Z,2026-09-27T08:14:09.308Z,0,94600,MAX_FROM_SINGLE_POINT,HIGHLY_SUSPICIOUS,PATTERN_B_SINGLE_RANDOM_SPIKE,false,false,false,
117001,49D369,TVS6NR,B739,OK-TSI,2026-09-27T08:13:48.287Z,2026-09-27T08:34:54.092Z,94600,62,12,30000-94600,3,2026-09-27T08:24:09.652Z,2026-09-27T08:33:14.338Z,544.686,94600,MAX_FROM_SHORT_SEGMENT,UNKNOWN,PATTERN_C_SUSTAINED_EXTREME,false,false,false,7778.858174746491
117266,505F15,ENT4767,B738,OM-MEX,2026-09-27T09:06:16.350Z,2026-09-27T09:09:37.617Z,94300,12,8,5100-94300,3,2026-09-27T09:07:41.683Z,2026-09-27T09:07:41.683Z,0,94300,MAX_FROM_SHORT_SEGMENT,UNKNOWN,UNKNOWN,false,false,false,85696.4437256817
117181,4BB2B0,THY6DR,A321,TC-LUP,2026-09-27T08:50:59.471Z,2026-09-27T09:03:17.870Z,94275,37,16,3975-94275,4,2026-09-27T08:55:58.534Z,2026-09-27T09:03:17.870Z,439.336,94275,MAX_FROM_SUSTAINED_SEGMENT,POSSIBLE,PATTERN_C_SUSTAINED_EXTREME,false,false,false,
117217,48EA00,ENT5HA,B38M,SP-EXM,2026-09-27T08:58:54.363Z,2026-09-27T09:27:41.997Z,94225,62,19,2625-94225,2,2026-09-27T09:00:33.705Z,2026-09-27T09:04:41.374Z,247.669,94225,MAX_FROM_SHORT_SEGMENT,UNKNOWN,UNKNOWN,false,false,false,17682.55601815035
117372,49D66F,TIE823R,CL60,OK-RHO,2026-09-27T09:28:51.228Z,2026-09-27T09:46:50.334Z,94200,49,7,9000-94200,2,2026-09-27T09:31:22.975Z,2026-09-27T09:31:44.899Z,21.924,94200,MAX_FROM_SHORT_SEGMENT,UNKNOWN,UNKNOWN,false,false,false,6294.471811713191
116994,4400F8,AUA202,A20N,OE-LXF,2026-09-27T08:12:03.561Z,2026-09-27T08:21:20.077Z,93975,29,13,2375-93975,3,2026-09-27T08:14:21.807Z,2026-09-27T08:16:50.529Z,148.722,93975,MAX_FROM_SHORT_SEGMENT,HIGHLY_SUSPICIOUS,UNKNOWN,true,false,false,24848.395207809495
117023,471D62,WZZ9JQ,A21N,HA-LDI,2026-09-27T08:18:55.269Z,2026-09-27T08:36:24.108Z,93975,50,19,2775-93975,2,2026-09-27T08:27:49.828Z,2026-09-27T08:28:14.318Z,24.49,93975,MAX_FROM_SHORT_SEGMENT,UNKNOWN,UNKNOWN,false,false,false,17639.85300122499
116978,48E95E,LOT6347,B38M,SP-LYG,2026-09-27T08:08:08.805Z,2026-09-27T08:23:13.126Z,93900,46,2,37000-93900,1,2026-09-27T08:08:29.114Z,2026-09-27T08:08:29.114Z,0,93900,MAX_FROM_SINGLE_POINT,HIGHLY_SUSPICIOUS,PATTERN_B_SINGLE_RANDOM_SPIKE,false,false,false,
117016,48C2B7,RYR8NQ,B38M,SP-RZY,2026-09-27T08:17:11.639Z,2026-09-27T08:35:41.333Z,93800,54,20,4775-93800,1,2026-09-27T08:28:35.976Z,2026-09-27T08:28:35.976Z,0,93800,MAX_FROM_SINGLE_POINT,HIGHLY_SUSPICIOUS,PATTERN_B_SINGLE_RANDOM_SPIKE,false,false,false,
117156,44022B,AUA207V,A320,OE-LXB,2026-09-27T08:44:08.773Z,2026-09-27T08:57:37.058Z,93800,39,15,4775-93800,3,2026-09-27T08:46:09.089Z,2026-09-27T08:54:24.143Z,495.054,93800,MAX_FROM_SHORT_SEGMENT,POSSIBLE,PATTERN_C_SUSTAINED_EXTREME,false,false,false,
117354,502D27,AUA204,BCS3,YL-AAW,2026-09-27T09:27:29.268Z,2026-09-27T09:36:53.879Z,93800,28,15,2200-93800,2,2026-09-27T09:29:31.646Z,2026-09-27T09:33:35.492Z,243.846,93800,MAX_FROM_SHORT_SEGMENT,UNKNOWN,UNKNOWN,false,false,false,58233.2934233251
117050,3CC569,DCCBH,C25B,D-CCBH,2026-09-27T08:23:05.617Z,2026-09-27T08:32:21.284Z,93575,29,13,10200-93575,4,2026-09-27T08:26:27.466Z,2026-09-27T08:30:47.046Z,259.58,93575,MAX_FROM_SUSTAINED_SEGMENT,HIGHLY_SUSPICIOUS,PATTERN_C_SUSTAINED_EXTREME,true,false,false,21941.00947890102
117121,39BDAF,AFR79NB,BCS1,F-HPNP,2026-09-27T08:37:53.253Z,2026-09-27T08:46:57.396Z,93575,27,17,3400-93575,4,2026-09-27T08:39:17.958Z,2026-09-27T08:43:34.234Z,256.276,93575,MAX_FROM_SUSTAINED_SEGMENT,HIGHLY_SUSPICIOUS,PATTERN_C_SUSTAINED_EXTREME,true,false,false,55783.371040723985
116916,48CB15,TVP7403,B738,SP-TVZ,2026-09-27T07:53:36.055Z,2026-09-27T08:14:46.337Z,93500,61,6,9100-93500,1,2026-09-27T08:12:48.208Z,2026-09-27T08:12:48.208Z,0,93500,MAX_FROM_SINGLE_POINT,HIGHLY_SUSPICIOUS,PATTERN_B_SINGLE_RANDOM_SPIKE,false,false,false,
117007,4ACA12,NSZ48U,B738,SE-RPR,2026-09-27T08:15:06.844Z,2026-09-27T08:30:07.096Z,93400,45,9,3400-93400,2,2026-09-27T08:21:11.285Z,2026-09-27T08:21:33.048Z,21.763,93400,MAX_FROM_SHORT_SEGMENT,UNKNOWN,UNKNOWN,false,false,false,33083.674125809855
117048,49D5A6,TVS4NQ,BCS3,OK-EYA,2026-09-27T08:22:42.107Z,2026-09-27T08:44:27.180Z,93400,63,29,3575-93400,11,2026-09-27T08:35:44.798Z,2026-09-27T08:41:05.957Z,321.159,93400,MAX_FROM_SUSTAINED_SEGMENT,HIGHLY_SUSPICIOUS,PATTERN_C_SUSTAINED_EXTREME,true,false,false,502.7050318379853
117206,4D232C,CXI445,B738,9H-TJE,2026-09-27T08:56:37.895Z,2026-09-27T09:08:21.170Z,93400,30,4,75000-93400,3,2026-09-27T08:57:17.223Z,2026-09-27T08:57:43.036Z,25.813,93400,MAX_FROM_SHORT_SEGMENT,UNKNOWN,UNKNOWN,false,false,false,14876.225157866193
117404,440604,AUA134W,A320,OE-LZE,2026-09-27T09:34:41.949Z,2026-09-27T09:49:18.076Z,93175,40,7,9975-93175,3,2026-09-27T09:34:41.949Z,2026-09-27T09:37:01.608Z,139.659,93175,MAX_FROM_SHORT_SEGMENT,UNKNOWN,UNKNOWN,false,false,false,20299.46041605219
116938,48C2B6,RYR9412,B38M,SP-RZX,2026-09-27T07:58:29.539Z,2026-09-27T08:13:06.449Z,93100,42,14,-700-93100,3,2026-09-27T08:09:43.204Z,2026-09-27T08:12:05.530Z,142.326,93100,MAX_FROM_SHORT_SEGMENT,HIGHLY_SUSPICIOUS,UNKNOWN,true,false,false,44429.63456625569
117345,01025A,NMA608,A320,SU-NMR,2026-09-27T09:26:06.050Z,2026-09-27T09:32:37.606Z,93100,19,8,36050-93100,7,2026-09-27T09:27:11.671Z,2026-09-27T09:32:37.606Z,325.935,93100,MAX_FROM_SUSTAINED_SEGMENT,HIGHLY_SUSPICIOUS,PATTERN_C_SUSTAINED_EXTREME,true,false,false,310.62331745703045
117074,48C138,RYR41QY,B738,SP-RKV,2026-09-27T08:28:42.784Z,2026-09-27T08:49:06.064Z,93075,60,11,21475-93075,1,2026-09-27T08:31:56.271Z,2026-09-27T08:31:56.271Z,0,93075,MAX_FROM_SINGLE_POINT,HIGHLY_SUSPICIOUS,PATTERN_B_SINGLE_RANDOM_SPIKE,false,false,false,
117143,3C66E2,OCN7R,A320,D-AIWB,2026-09-27T08:42:19.386Z,2026-09-27T08:47:28.822Z,93075,9,3,5075-93075,1,2026-09-27T08:47:05.243Z,2026-09-27T08:47:05.243Z,0,93075,MAX_FROM_SINGLE_POINT,HIGHLY_SUSPICIOUS,PATTERN_B_SINGLE_RANDOM_SPIKE,false,false,false,
117056,505A88,TVS2249,B738,OM-TVH,2026-09-27T08:24:39.414Z,2026-09-27T08:36:05.060Z,92775,34,12,2200-92775,2,2026-09-27T08:24:58.228Z,2026-09-27T08:33:30.873Z,512.645,92775,MAX_FROM_SHORT_SEGMENT,UNKNOWN,PATTERN_C_SUSTAINED_EXTREME,false,false,false,177694.85468019132
117131,49D5D6,TVS91M,BCS3,OK-EYB,2026-09-27T08:40:30.377Z,2026-09-27T09:03:20.331Z,92775,66,28,2375-92775,11,2026-09-27T08:40:53.287Z,2026-09-27T09:01:26.868Z,1233.581,92775,MAX_FROM_SUSTAINED_SEGMENT,POSSIBLE,PATTERN_C_SUSTAINED_EXTREME,false,false,false,0
117285,8990F3,CAL068,A359,B-18906,2026-09-27T09:11:39.305Z,2026-09-27T09:35:01.949Z,92775,60,16,2600-92775,1,2026-09-27T09:20:45.281Z,2026-09-27T09:20:45.281Z,0,92775,MAX_FROM_SINGLE_POINT,HIGHLY_SUSPICIOUS,PATTERN_B_SINGLE_RANDOM_SPIKE,false,false,false,
117403,48C12B,RYR38MM,B738,SP-RKL,2026-09-27T09:34:37.508Z,2026-09-27T09:52:49.786Z,92775,33,7,5000-92775,1,2026-09-27T09:35:41.981Z,2026-09-27T09:35:41.981Z,0,92775,MAX_FROM_SINGLE_POINT,HIGHLY_SUSPICIOUS,PATTERN_B_SINGLE_RANDOM_SPIKE,false,false,false,119728.55616432126
117012,4CAE61,RYR4162,B38M,EI-IJL,2026-09-27T08:16:07.796Z,2026-09-27T08:50:06.928Z,92700,92,20,16625-92700,5,2026-09-27T08:38:13.869Z,2026-09-27T08:45:23.320Z,429.451,92700,MAX_FROM_SUSTAINED_SEGMENT,UNKNOWN,PATTERN_C_SUSTAINED_EXTREME,false,false,false,15697.266993693062
117022,3D673B,DFLIP,C208,D-FLIP,2026-09-27T08:18:50.734Z,2026-09-27T08:35:22.602Z,92700,49,18,7100-92700,4,2026-09-27T08:22:03.911Z,2026-09-27T08:31:27.377Z,563.466,92700,MAX_FROM_SUSTAINED_SEGMENT,POSSIBLE,PATTERN_C_SUSTAINED_EXTREME,false,false,false,
117246,3C7865,VJH713,E35L,D-ANCE,2026-09-27T09:02:50.236Z,2026-09-27T09:23:54.160Z,92600,55,28,15800-92600,4,2026-09-27T09:07:52.034Z,2026-09-27T09:13:15.180Z,323.146,92600,MAX_FROM_SUSTAINED_SEGMENT,HIGHLY_SUSPICIOUS,PATTERN_C_SUSTAINED_EXTREME,true,false,false,16324.147594581971
117334,4CA27F,EIN67T,A320,EI-DEK,2026-09-27T09:23:48.041Z,2026-09-27T09:41:16.183Z,92600,51,11,29800-92600,1,2026-09-27T09:37:56.627Z,2026-09-27T09:37:56.627Z,0,92600,MAX_FROM_SINGLE_POINT,HIGHLY_SUSPICIOUS,PATTERN_B_SINGLE_RANDOM_SPIKE,false,false,false,49318.139361105925
117192,4CA64E,RYR52XB,B738,EI-DYL,2026-09-27T08:52:57.126Z,2026-09-27T09:31:09.103Z,92300,82,18,5100-92300,3,2026-09-27T08:55:27.099Z,2026-09-27T08:59:03.813Z,216.714,92300,MAX_FROM_SHORT_SEGMENT,HIGHLY_SUSPICIOUS,UNKNOWN,true,false,false,31067.26777663706
117371,4CA8D7,RYR1KH,B738,EI-ENL,2026-09-27T09:28:40.883Z,2026-09-27T09:43:47.747Z,92300,46,8,16200-92300,2,2026-09-27T09:30:51.926Z,2026-09-27T09:31:13.938Z,22.012,92300,MAX_FROM_SHORT_SEGMENT,UNKNOWN,UNKNOWN,false,false,false,16354.715609667453
117242,4D225C,RYR88RL,B738,9H-QDD,2026-09-27T09:02:11.382Z,2026-09-27T09:21:36.248Z,92275,56,9,5075-92275,1,2026-09-27T09:05:04.967Z,2026-09-27T09:05:04.967Z,0,92275,MAX_FROM_SINGLE_POINT,HIGHLY_SUSPICIOUS,PATTERN_B_SINGLE_RANDOM_SPIKE,false,false,false,
116985,452172,EAF9745,A320,LZ-EAK,2026-09-27T08:09:06.397Z,2026-09-27T08:20:51.045Z,91975,36,12,2200-91975,3,2026-09-27T08:19:38.305Z,2026-09-27T08:19:52.695Z,14.39,91975,MAX_FROM_SHORT_SEGMENT,UNKNOWN,UNKNOWN,false,false,false,21681.723419040998
116908,3C66E1,DLH1CW,A320,D-AIWA,2026-09-27T07:51:49.310Z,2026-09-27T08:12:04.080Z,91800,60,20,-700-91800,3,2026-09-27T08:07:54.307Z,2026-09-27T08:12:04.080Z,249.773,91800,MAX_FROM_SHORT_SEGMENT,UNKNOWN,UNKNOWN,false,false,false,53728.070175438595
117088,45AB4F,FIN8KR,B738,OY-JZO,2026-09-27T08:31:25.247Z,2026-09-27T08:46:57.533Z,91800,25,4,55875-91800,2,2026-09-27T08:38:49.186Z,2026-09-27T08:38:49.186Z,0,91800,MAX_FROM_SHORT_SEGMENT,UNKNOWN,UNKNOWN,false,false,false,
117098,507C54,UZB3254,B788,UK78704,2026-09-27T08:32:28.821Z,2026-09-27T08:51:08.915Z,88375,54,25,23975-88375,13,2026-09-27T08:35:38.412Z,2026-09-27T08:51:08.915Z,930.503,88375,MAX_FROM_SUSTAINED_SEGMENT,UNKNOWN,PATTERN_C_SUSTAINED_EXTREME,false,false,false,187.89928598271325
117391,48C22B,RYS5096,B738,SP-RSL,2026-09-27T09:32:52.128Z,2026-09-27T09:55:18.535Z,88375,65,4,48375-88375,1,2026-09-27T09:32:52.128Z,2026-09-27T09:32:52.128Z,0,88375,MAX_FROM_SINGLE_POINT,HIGHLY_SUSPICIOUS,PATTERN_B_SINGLE_RANDOM_SPIKE,false,false,false,
117185,4D2532,WZZ274,A321,9H-WNF,2026-09-27T08:52:00.529Z,2026-09-27T09:08:20.607Z,87975,49,25,3800-87975,4,2026-09-27T08:54:09.768Z,2026-09-27T09:02:53.158Z,523.39,87975,MAX_FROM_SUSTAINED_SEGMENT,UNKNOWN,PATTERN_C_SUSTAINED_EXTREME,false,false,false,16822.921230176114
117189,48AF08,LOT5JB,B38M,SP-LVI,2026-09-27T08:52:31.139Z,2026-09-27T09:18:18.506Z,87975,74,3,36000-87975,1,2026-09-27T09:13:36.068Z,2026-09-27T09:13:36.068Z,0,87975,MAX_FROM_SINGLE_POINT,HIGHLY_SUSPICIOUS,PATTERN_B_SINGLE_RANDOM_SPIKE,false,false,false,
117210,3C743A,,B38M,D-AMAZ,2026-09-27T08:57:16.628Z,2026-09-27T08:57:16.628Z,87975,3,1,87975-87975,1,2026-09-27T08:57:16.628Z,2026-09-27T08:57:16.628Z,0,87975,MAX_FROM_SINGLE_POINT,HIGHLY_SUSPICIOUS,PATTERN_B_SINGLE_RANDOM_SPIKE,false,false,false,
117310,44007C,AUA3AG,B772,OE-LPC,2026-09-27T09:16:32.501Z,2026-09-27T09:25:52.589Z,87800,29,12,2375-87800,2,2026-09-27T09:19:26.742Z,2026-09-27T09:24:11.692Z,284.95,87800,MAX_FROM_SHORT_SEGMENT,UNKNOWN,UNKNOWN,false,false,false,32224.95894909688
117076,4BC852,PGT75CK,A21N,TC-RBR,2026-09-27T08:29:04.317Z,2026-09-27T08:32:47.758Z,87475,11,1,87475-87475,1,2026-09-27T08:29:04.317Z,2026-09-27T08:29:04.317Z,0,87475,MAX_FROM_SINGLE_POINT,HIGHLY_SUSPICIOUS,PATTERN_B_SINGLE_RANDOM_SPIKE,false,false,false,
117282,516091,MNE344,E195,4O-AOA,2026-09-27T09:10:41.689Z,2026-09-27T09:28:31.762Z,87175,52,8,3000-87175,3,2026-09-27T09:19:17.628Z,2026-09-27T09:23:51.540Z,273.912,87175,MAX_FROM_SHORT_SEGMENT,UNKNOWN,UNKNOWN,false,false,false,
116974,471D6B,WZZ47,A21N,HA-LDR,2026-09-27T08:07:28.036Z,2026-09-27T08:26:07.860Z,87000,55,16,3400-87000,2,2026-09-27T08:11:52.939Z,2026-09-27T08:26:07.860Z,854.921,87000,MAX_FROM_SHORT_SEGMENT,UNKNOWN,PATTERN_C_SUSTAINED_EXTREME,false,false,false,16691.749897386784
117269,45AB50,SAS1694,B738,OY-JZP,2026-09-27T09:06:41.556Z,2026-09-27T09:18:11.048Z,87000,34,21,9100-87000,3,2026-09-27T09:08:28.952Z,2026-09-27T09:14:57.252Z,388.3,87000,MAX_FROM_SHORT_SEGMENT,UNKNOWN,PATTERN_C_SUSTAINED_EXTREME,false,false,false,33027.02210899827
116939,48C2B8,RYR5VK,B38M,SP-RZV,2026-09-27T07:59:08.461Z,2026-09-27T08:18:07.892Z,86775,56,12,5000-86775,2,2026-09-27T08:14:00.279Z,2026-09-27T08:17:13.032Z,192.753,86775,MAX_FROM_SHORT_SEGMENT,HIGHLY_SUSPICIOUS,UNKNOWN,true,false,false,33537.31990555582
117006,501C5A,CTN413,BCS3,9A-CAU,2026-09-27T08:14:48.221Z,2026-09-27T08:19:13.355Z,86675,13,3,81550-86675,3,2026-09-27T08:18:42.477Z,2026-09-27T08:19:13.355Z,30.878,86675,MAX_FROM_SHORT_SEGMENT,UNKNOWN,UNKNOWN,false,false,false,9958.54653798821
117111,48C132,RYS12FD,B738,SP-RKT,2026-09-27T08:34:59.063Z,2026-09-27T08:46:31.997Z,86625,36,3,73025-86625,1,2026-09-27T08:36:03.230Z,2026-09-27T08:36:03.230Z,0,86625,MAX_FROM_SINGLE_POINT,HIGHLY_SUSPICIOUS,PATTERN_B_SINGLE_RANDOM_SPIKE,false,false,false,
117003,4CAECB,RYR67BD,B38M,EI-ILB,2026-09-27T08:14:35.687Z,2026-09-27T08:35:40.068Z,85975,60,17,2600-85975,3,2026-09-27T08:15:53.816Z,2026-09-27T08:26:06.467Z,612.651,85975,MAX_FROM_SHORT_SEGMENT,UNKNOWN,PATTERN_C_SUSTAINED_EXTREME,false,false,false,18176.148260346596
117335,3C9674,DBEST,F2TH,D-BEST,2026-09-27T09:23:51.049Z,2026-09-27T09:36:53.059Z,85975,32,9,4200-85975,1,2026-09-27T09:28:11.417Z,2026-09-27T09:28:11.417Z,0,85975,MAX_FROM_SINGLE_POINT,HIGHLY_SUSPICIOUS,PATTERN_B_SINGLE_RANDOM_SPIKE,false,false,false,165679.05537885058
117297,501D13,9ACRO,CL64,9A-CRO,2026-09-27T09:13:49.940Z,2026-09-27T09:18:55.861Z,85875,7,6,59875-85875,2,2026-09-27T09:17:47.351Z,2026-09-27T09:17:47.351Z,0,85875,MAX_FROM_SHORT_SEGMENT,UNKNOWN,UNKNOWN,false,false,false,21350.03835336231
116884,469E45,SEH760,A20N,SX-GRE,2026-09-27T07:46:51.993Z,2026-09-27T08:10:34.104Z,85500,69,18,-800-85500,1,2026-09-27T08:08:54.628Z,2026-09-27T08:08:54.628Z,0,85500,MAX_FROM_SINGLE_POINT,HIGHLY_SUSPICIOUS,PATTERN_B_SINGLE_RANDOM_SPIKE,false,false,false,
117281,502D0D,AUA27PQ,BCS3,YL-AAQ,2026-09-27T09:10:40.268Z,2026-09-27T09:20:38.917Z,81575,26,15,4600-81575,1,2026-09-27T09:15:50.122Z,2026-09-27T09:15:50.122Z,0,81575,MAX_FROM_SINGLE_POINT,HIGHLY_SUSPICIOUS,PATTERN_B_SINGLE_RANDOM_SPIKE,false,false,false,21158.190533913716
117415,4BB18A,THY1KD,B789,TC-LLJ,2026-09-27T09:36:56.386Z,2026-09-27T09:40:05.160Z,81575,10,4,61975-81575,2,2026-09-27T09:38:08.097Z,2026-09-27T09:38:08.097Z,0,81575,MAX_FROM_SHORT_SEGMENT,UNKNOWN,UNKNOWN,false,false,false,51079.896937818354
117137,4CA8D8,RYR20AX,B738,EI-ENM,2026-09-27T08:41:26.872Z,2026-09-27T08:56:00.889Z,81475,43,6,55075-81475,2,2026-09-27T08:56:00.889Z,2026-09-27T08:56:00.889Z,0,81475,MAX_FROM_SHORT_SEGMENT,UNKNOWN,UNKNOWN,false,false,false,4256.237855843075
117393,3C658B,DLH9KW,A319,D-AILK,2026-09-27T09:33:04.990Z,2026-09-27T09:34:41.300Z,81475,7,4,47075-81475,2,2026-09-27T09:34:41.300Z,2026-09-27T09:34:41.300Z,0,81475,MAX_FROM_SHORT_SEGMENT,UNKNOWN,UNKNOWN,false,false,false,34511.46598047378
117364,3C0ACA,CFG3KJ,A321,D-ATCF,2026-09-27T09:28:05.711Z,2026-09-27T09:39:24.641Z,81175,24,10,9175-81175,2,2026-09-27T09:32:19.632Z,2026-09-27T09:32:19.632Z,0,81175,MAX_FROM_SHORT_SEGMENT,UNKNOWN,UNKNOWN,false,false,false,
117202,3C0D0C,TUI4NH,B738,D-ATYL,2026-09-27T08:55:21.971Z,2026-09-27T08:59:33.739Z,81075,7,3,22550-81075,1,2026-09-27T08:58:51.466Z,2026-09-27T08:58:51.466Z,0,81075,MAX_FROM_SINGLE_POINT,HIGHLY_SUSPICIOUS,PATTERN_B_SINGLE_RANDOM_SPIKE,false,false,false,
117390,440C8D,AUA29SK,A321,OE-LBB,2026-09-27T09:32:40.523Z,2026-09-27T09:42:01.500Z,81000,21,8,21575-81000,1,2026-09-27T09:33:44.233Z,2026-09-27T09:33:44.233Z,0,81000,MAX_FROM_SINGLE_POINT,HIGHLY_SUSPICIOUS,PATTERN_B_SINGLE_RANDOM_SPIKE,false,false,false,
116936,3C66B9,OCN34D,A320,D-AIUY,2026-09-27T07:58:03.936Z,2026-09-27T08:22:33.613Z,80775,60,6,500-80775,1,2026-09-27T08:22:24.877Z,2026-09-27T08:22:24.877Z,0,80775,MAX_FROM_SINGLE_POINT,HIGHLY_SUSPICIOUS,PATTERN_B_SINGLE_RANDOM_SPIKE,false,false,false,
116995,4BB843,PGT52X,A20N,TC-NBC,2026-09-27T08:12:32.046Z,2026-09-27T08:33:03.274Z,80775,60,17,36000-80775,15,2026-09-27T08:14:21.519Z,2026-09-27T08:33:03.274Z,1121.755,80775,MAX_FROM_SUSTAINED_SEGMENT,POSSIBLE,PATTERN_C_SUSTAINED_EXTREME,false,false,false,120.23084321898043
117085,4BB854,PGT741B,A20N,TC-NBT,2026-09-27T08:31:10.314Z,2026-09-27T08:48:21.937Z,80775,55,10,80200-80775,10,2026-09-27T08:31:10.314Z,2026-09-27T08:48:21.937Z,1031.623,80775,MAX_FROM_SUSTAINED_SEGMENT,POSSIBLE,PATTERN_C_SUSTAINED_EXTREME,false,false,false,519.6219131983966
117086,4246B9,AHY4007,A20N,VP-BCK,2026-09-27T08:31:24.018Z,2026-09-27T09:01:51.529Z,80775,88,19,36000-80775,18,2026-09-27T08:31:24.018Z,2026-09-27T08:59:37.580Z,1693.562,80775,MAX_FROM_SUSTAINED_SEGMENT,HIGHLY_SUSPICIOUS,PATTERN_C_SUSTAINED_EXTREME,true,false,false,0
117289,4D24D4,WMT4TG,A321,9H-WDV,2026-09-27T09:12:19.773Z,2026-09-27T09:23:30.819Z,80775,25,8,36000-80775,6,2026-09-27T09:12:19.773Z,2026-09-27T09:21:30.661Z,550.888,80775,MAX_FROM_SUSTAINED_SEGMENT,UNKNOWN,PATTERN_C_SUSTAINED_EXTREME,false,false,false,190.00398103579312
117291,4D24B3,WMT906,A321,9H-WDS,2026-09-27T09:12:34.738Z,2026-09-27T09:37:57.968Z,80775,73,28,35975-80775,21,2026-09-27T09:12:34.738Z,2026-09-27T09:27:05.010Z,870.272,80775,MAX_FROM_SUSTAINED_SEGMENT,HIGHLY_SUSPICIOUS,PATTERN_C_SUSTAINED_EXTREME,true,false,false,161.2672018348624
117336,4868BA,TRA5146,A21N,PH-YHR,2026-09-27T09:23:55.492Z,2026-09-27T09:41:28.860Z,80775,51,5,36000-80775,4,2026-09-27T09:31:45.578Z,2026-09-27T09:36:28.757Z,283.179,80775,MAX_FROM_SUSTAINED_SEGMENT,POSSIBLE,PATTERN_C_SUSTAINED_EXTREME,false,false,false,396.8104002116322
117406,503D72,HST3518,A320,LY-MAF,2026-09-27T09:35:10.246Z,2026-09-27T09:51:16.911Z,80775,47,2,80600-80775,2,2026-09-27T09:37:28.204Z,2026-09-27T09:37:43.058Z,14.854,80775,MAX_FROM_SHORT_SEGMENT,UNKNOWN,UNKNOWN,false,false,false,706.8803016022621
116987,4D2100,WMT1UV,A21N,9H-WMS,2026-09-27T08:10:13.624Z,2026-09-27T08:16:06.430Z,80750,7,4,80275-80750,4,2026-09-27T08:10:13.624Z,2026-09-27T08:14:56.043Z,282.419,80750,MAX_FROM_SUSTAINED_SEGMENT,POSSIBLE,PATTERN_C_SUSTAINED_EXTREME,false,false,false,498.6702127659575
117207,503E9A,EWG5SK,A320,LY-WIZ,2026-09-27T08:56:37.472Z,2026-09-27T08:59:27.797Z,80750,10,2,36000-80750,1,2026-09-27T08:56:50.934Z,2026-09-27T08:56:50.934Z,0,80750,MAX_FROM_SINGLE_POINT,HIGHLY_SUSPICIOUS,PATTERN_B_SINGLE_RANDOM_SPIKE,false,false,false,
116943,4D24B1,WZZ3RX,A321,9H-WDF,2026-09-27T07:59:43.658Z,2026-09-27T08:10:29.571Z,80700,36,20,-725-80700,2,2026-09-27T08:08:15.493Z,2026-09-27T08:09:21.908Z,66.415,80700,MAX_FROM_SHORT_SEGMENT,UNKNOWN,UNKNOWN,false,false,false,
116948,4D22B0,RYR5SC,A320,9H-LOU,2026-09-27T08:00:11.105Z,2026-09-27T08:17:37.253Z,80700,51,10,425-80700,2,2026-09-27T08:12:55.562Z,2026-09-27T08:13:18.602Z,23.04,80700,MAX_FROM_SHORT_SEGMENT,HIGHLY_SUSPICIOUS,UNKNOWN,true,false,false,260.4166666666667
117299,471EFC,WMT358,A321,HA-LTC,2026-09-27T09:14:47.149Z,2026-09-27T09:31:15.163Z,80700,45,15,36000-80700,12,2026-09-27T09:25:45.150Z,2026-09-27T09:31:00.748Z,315.598,80700,MAX_FROM_SUSTAINED_SEGMENT,HIGHLY_SUSPICIOUS,PATTERN_C_SUSTAINED_EXTREME,true,false,false,0
117159,452113,CFG9DX,A320,LZ-LAH,2026-09-27T08:45:25.018Z,2026-09-27T08:48:32.832Z,80675,6,3,69075-80675,1,2026-09-27T08:48:32.832Z,2026-09-27T08:48:32.832Z,0,80675,MAX_FROM_SINGLE_POINT,HIGHLY_SUSPICIOUS,PATTERN_B_SINGLE_RANDOM_SPIKE,false,false,false,
117389,4BB849,PGT19D,A20N,TC-NBI,2026-09-27T09:32:28.022Z,2026-09-27T09:37:17.332Z,80675,10,5,28750-80675,2,2026-09-27T09:33:04.338Z,2026-09-27T09:33:04.338Z,0,80675,MAX_FROM_SHORT_SEGMENT,UNKNOWN,UNKNOWN,false,false,false,18560.45959233276
116911,4D2450,NVD8432,A320,9H-MLX,2026-09-27T07:52:38.599Z,2026-09-27T08:16:07.551Z,80625,67,9,-700-80625,4,2026-09-27T08:08:39.311Z,2026-09-27T08:12:56.513Z,257.202,80625,MAX_FROM_SUSTAINED_SEGMENT,POSSIBLE,PATTERN_C_SUSTAINED_EXTREME,false,false,false,282.08744710860367
116895,4D206B,WMT5310,A21N,9H-WMA,2026-09-27T07:48:39.535Z,2026-09-27T08:16:09.923Z,80600,81,12,2000-80600,3,2026-09-27T08:07:50.482Z,2026-09-27T08:15:46.714Z,476.232,80600,MAX_FROM_SHORT_SEGMENT,UNKNOWN,PATTERN_C_SUSTAINED_EXTREME,false,false,false,163483.45758117182
117161,3009B8,DLA33C,E190,I-JENJ,2026-09-27T08:46:04.775Z,2026-09-27T08:46:54.361Z,80375,5,1,80375-80375,1,2026-09-27T08:46:17.633Z,2026-09-27T08:46:17.633Z,0,80375,MAX_FROM_SINGLE_POINT,HIGHLY_SUSPICIOUS,PATTERN_B_SINGLE_RANDOM_SPIKE,false,false,false,
117163,4B8E47,PGT81WP,B738,TC-CRG,2026-09-27T08:46:38.031Z,2026-09-27T09:11:01.344Z,80375,72,26,36000-80375,25,2026-09-27T08:46:38.031Z,2026-09-27T09:11:01.344Z,1463.313,80375,MAX_FROM_SUSTAINED_SEGMENT,POSSIBLE,PATTERN_C_SUSTAINED_EXTREME,false,false,false,267.6062619865305
117196,4BCE16,SXS9LY,B738,TC-SPV,2026-09-27T08:54:16.914Z,2026-09-27T08:58:00.142Z,80375,12,8,3975-80375,1,2026-09-27T08:55:44.635Z,2026-09-27T08:55:44.635Z,0,80375,MAX_FROM_SINGLE_POINT,HIGHLY_SUSPICIOUS,PATTERN_B_SINGLE_RANDOM_SPIKE,false,false,false,
117301,408041,WUK7005,A21N,G-WUNA,2026-09-27T09:15:41.253Z,2026-09-27T09:46:20.795Z,80375,90,23,9800-80375,6,2026-09-27T09:24:55.956Z,2026-09-27T09:29:37.818Z,281.862,80375,MAX_FROM_SUSTAINED_SEGMENT,HIGHLY_SUSPICIOUS,PATTERN_C_SUSTAINED_EXTREME,true,false,false,0
117302,502D59,BTI9TZ,BCS3,YL-ABH,2026-09-27T09:15:41.987Z,2026-09-27T09:49:45.503Z,80375,76,19,35975-80375,16,2026-09-27T09:17:06.658Z,2026-09-27T09:37:11.898Z,1205.24,80375,MAX_FROM_SUSTAINED_SEGMENT,HIGHLY_SUSPICIOUS,PATTERN_C_SUSTAINED_EXTREME,true,false,false,196.6439433665443
117409,452037,GPX8DT,A320,LZ-LAE,2026-09-27T09:35:57.928Z,2026-09-27T09:45:24.436Z,80375,15,4,80350-80350,4,2026-09-27T09:37:13.645Z,2026-09-27T09:37:58.131Z,44.486,80350,MAX_FROM_SUSTAINED_SEGMENT,POSSIBLE,PATTERN_C_SUSTAINED_EXTREME,false,false,false,0
117325,4BCDB5,SXS6EG,B738,TC-SMU,2026-09-27T09:20:54.291Z,2026-09-27T09:50:55.499Z,118700,88,2,38000-38000,0,,,0,,MAX_FROM_SHORT_SEGMENT,UNKNOWN,UNKNOWN,false,false,false,
117330,4BC8E2,PGT30WQ,A21N,TC-RGB,2026-09-27T09:21:30.346Z,2026-09-27T09:45:34.425Z,102900,71,6,34000-48775,0,,,0,,MAX_FROM_SHORT_SEGMENT,UNKNOWN,UNKNOWN,false,false,false,
117347,4AC9ED,SAS64R,A20N,SE-ROM,2026-09-27T09:26:28.168Z,2026-09-27T09:51:47.737Z,118700,74,4,4375-37000,0,,,0,,MAX_FROM_SHORT_SEGMENT,UNKNOWN,UNKNOWN,false,false,false,
117350,4CADB7,RYR8QX,B38M,EI-IFW,2026-09-27T09:26:42.996Z,2026-09-27T09:46:04.378Z,118700,57,1,38000-38000,0,,,0,,MAX_FROM_SHORT_SEGMENT,UNKNOWN,UNKNOWN,false,false,false,
117365,4BA9D4,THY2XR,A333,TC-JNT,2026-09-27T09:28:09.485Z,2026-09-27T09:51:17.386Z,102600,57,0,,0,,,0,,MAX_FROM_SHORT_SEGMENT,UNKNOWN,UNKNOWN,false,false,false,
117368,4A0441,KRP635,A319,YR-ABA,2026-09-27T09:28:21.931Z,2026-09-27T09:48:31.227Z,118700,63,2,10200-10275,0,,,0,,MAX_FROM_SHORT_SEGMENT,UNKNOWN,UNKNOWN,false,false,false,
117376,4BB1E3,THY6BZ,A333,TC-LOC,2026-09-27T09:30:12.923Z,2026-09-27T09:55:57.406Z,118700,74,0,,0,,,0,,MAX_FROM_SHORT_SEGMENT,UNKNOWN,UNKNOWN,false,false,false,
117377,48C2AF,RYR4CH,B38M,SP-RZP,2026-09-27T09:30:28.938Z,2026-09-27T09:53:07.109Z,118700,65,0,,0,,,0,,MAX_FROM_SHORT_SEGMENT,UNKNOWN,UNKNOWN,false,false,false,
117386,06A2F4,QTR94R,B789,A7-BHQ,2026-09-27T09:32:15.401Z,2026-09-27T09:49:46.412Z,95700,55,5,24200-24375,0,,,0,,MAX_FROM_SHORT_SEGMENT,UNKNOWN,UNKNOWN,false,false,false,
117388,3C70CA,GEC8410,B77L,D-ALFJ,2026-09-27T09:32:21.997Z,2026-09-27T09:53:51.691Z,93800,63,1,27900-27900,0,,,0,,MAX_FROM_SHORT_SEGMENT,UNKNOWN,UNKNOWN,false,false,false,
117394,4D201F,WZZ1EB,A21N,9H-WNR,2026-09-27T09:33:08.406Z,2026-09-27T09:56:13.905Z,85900,67,0,,0,,,0,,MAX_FROM_SHORT_SEGMENT,UNKNOWN,UNKNOWN,false,false,false,
117397,484556,KLM1365,B738,PH-BXY,2026-09-27T09:33:54.715Z,2026-09-27T09:51:57.384Z,100600,53,0,,0,,,0,,MAX_FROM_SHORT_SEGMENT,UNKNOWN,UNKNOWN,false,false,false,
117399,5004E3,MEA199,A320,T7-FBB,2026-09-27T09:34:13.259Z,2026-09-27T09:58:25.872Z,85900,70,3,48275-48375,0,,,0,,MAX_FROM_SHORT_SEGMENT,UNKNOWN,UNKNOWN,false,false,false,
117411,3D673B,DFLIP,C208,D-FLIP,2026-09-27T09:36:04.370Z,2026-09-27T10:19:21.330Z,126600,99,2,28700-47400,0,,,0,,MAX_FROM_SHORT_SEGMENT,UNKNOWN,UNKNOWN,false,false,false,
117412,471DC1,WZZ6813,A21N,HA-LGZ,2026-09-27T09:36:06.034Z,2026-09-27T09:55:32.404Z,85800,50,3,55000-75400,0,,,0,,MAX_FROM_SHORT_SEGMENT,UNKNOWN,UNKNOWN,false,false,false,
117413,44001E,AUA55,B763,OE-LAY,2026-09-27T09:36:10.813Z,2026-09-27T09:45:09.248Z,81400,29,2,2200-68600,0,,,0,,MAX_FROM_SHORT_SEGMENT,UNKNOWN,UNKNOWN,false,false,false,
117417,4080E4,BAW706,A20N,G-TTNZ,2026-09-27T09:37:23.670Z,2026-09-27T09:57:32.659Z,117800,58,0,,0,,,0,,MAX_FROM_SHORT_SEGMENT,UNKNOWN,UNKNOWN,false,false,false,
117419,4BC8C5,PGT583Y,A21N,TC-RFE,2026-09-27T09:37:26.572Z,2026-09-27T10:02:31.743Z,102900,71,2,48375-48375,0,,,0,,MAX_FROM_SHORT_SEGMENT,UNKNOWN,UNKNOWN,false,false,false,
117420,8962E5,ETD9XU,B77W,A6-ETG,2026-09-27T09:37:30.877Z,2026-09-27T09:56:20.474Z,110700,60,0,,0,,,0,,MAX_FROM_SHORT_SEGMENT,UNKNOWN,UNKNOWN,false,false,false,
117421,452124,LZB462,BCS3,LZ-ROM,2026-09-27T09:37:33.720Z,2026-09-27T09:53:04.619Z,93800,52,0,,0,,,0,,MAX_FROM_SHORT_SEGMENT,UNKNOWN,UNKNOWN,false,false,false,
117422,896749,ABY774,A20N,A6-ARM,2026-09-27T09:37:36.966Z,2026-09-27T10:06:52.322Z,110900,84,0,,0,,,0,,MAX_FROM_SHORT_SEGMENT,UNKNOWN,UNKNOWN,false,false,false,
117423,424CD2,MGMKM,GA6C,M-GMKM,2026-09-27T09:37:35.769Z,2026-09-27T09:45:49.263Z,111600,29,0,,0,,,0,,MAX_FROM_SHORT_SEGMENT,UNKNOWN,UNKNOWN,false,false,false,
117424,4080E0,BAW7WN,A20N,G-TTNW,2026-09-27T09:37:54.841Z,2026-09-27T09:53:18.092Z,87500,46,0,,0,,,0,,MAX_FROM_SHORT_SEGMENT,UNKNOWN,UNKNOWN,false,false,false,
117428,440824,AUA644,E195,OE-LWH,2026-09-27T09:39:13.854Z,2026-09-27T09:47:23.901Z,93900,26,0,,0,,,0,,MAX_FROM_SHORT_SEGMENT,UNKNOWN,UNKNOWN,false,false,false,
117429,501C2F,CFG5KR,A319,9A-MUC,2026-09-27T09:39:16.982Z,2026-09-27T09:58:55.049Z,85900,60,0,,0,,,0,,MAX_FROM_SHORT_SEGMENT,UNKNOWN,UNKNOWN,false,false,false,
117430,06A2B4,QTR21X,B77W,A7-BEP,2026-09-27T09:39:36.779Z,2026-09-27T09:46:03.591Z,118900,21,0,,0,,,0,,MAX_FROM_SHORT_SEGMENT,UNKNOWN,UNKNOWN,false,false,false,
117431,48AD03,LOT6CV,E75S,SP-LID,2026-09-27T09:39:42.495Z,2026-09-27T09:42:08.746Z,110700,15,0,,0,,,0,,MAX_FROM_SHORT_SEGMENT,UNKNOWN,UNKNOWN,false,false,false,
117439,3C48F1,EWG43Q,A319,D-ABGQ,2026-09-27T09:40:01.883Z,2026-09-27T10:00:37.914Z,118700,59,0,,0,,,0,,MAX_FROM_SHORT_SEGMENT,UNKNOWN,UNKNOWN,false,false,false,
117440,AC6346,TWY65,G650,N898CH,2026-09-27T09:40:12.373Z,2026-09-27T09:55:02.923Z,91800,45,0,,0,,,0,,MAX_FROM_SHORT_SEGMENT,UNKNOWN,UNKNOWN,false,false,false,
117442,471D70,WZZ976,A21N,HA-LDW,2026-09-27T09:40:27.336Z,2026-09-27T10:00:03.832Z,101100,58,0,,0,,,0,,MAX_FROM_SHORT_SEGMENT,UNKNOWN,UNKNOWN,false,false,false,
117453,8963F7,UAE1,A388,A6-EOZ,2026-09-27T09:41:44.724Z,2026-09-27T10:02:03.396Z,101900,61,0,,0,,,0,,MAX_FROM_SHORT_SEGMENT,UNKNOWN,UNKNOWN,false,false,false,
117454,4BC84B,PGT6BT,A21N,TC-RBK,2026-09-27T09:41:59.326Z,2026-09-27T09:56:34.324Z,85900,44,0,,0,,,0,,MAX_FROM_SHORT_SEGMENT,UNKNOWN,UNKNOWN,false,false,false,
117456,4BA930,THY6EN,A332,TC-JIP,2026-09-27T09:42:03.480Z,2026-09-27T10:02:57.083Z,94800,62,0,,0,,,0,,MAX_FROM_SHORT_SEGMENT,UNKNOWN,UNKNOWN,false,false,false,
117457,4BCE15,SXS1322,B738,TC-SPU,2026-09-27T09:42:41.276Z,2026-09-27T09:53:06.692Z,94375,21,0,,0,,,0,,MAX_FROM_SHORT_SEGMENT,UNKNOWN,UNKNOWN,false,false,false,
117460,3C66E1,DLH1UL,A320,D-AIWA,2026-09-27T09:43:18.383Z,2026-09-27T10:04:05.496Z,85900,53,0,,0,,,0,,MAX_FROM_SHORT_SEGMENT,UNKNOWN,UNKNOWN,false,false,false,
117462,440607,AUA962D,A320,OE-LZB,2026-09-27T09:43:48.529Z,2026-09-27T09:56:14.200Z,118800,37,0,,0,,,0,,MAX_FROM_SHORT_SEGMENT,UNKNOWN,UNKNOWN,false,false,false,
117465,740828,RJA264,B788,JY-BAH,2026-09-27T09:44:03.794Z,2026-09-27T10:01:57.852Z,82600,54,0,,0,,,0,,MAX_FROM_SHORT_SEGMENT,UNKNOWN,UNKNOWN,false,false,false,
117466,8963E7,UAE84N,A388,A6-EOJ,2026-09-27T09:44:32.487Z,2026-09-27T10:11:04.864Z,102600,77,0,,0,,,0,,MAX_FROM_SHORT_SEGMENT,UNKNOWN,UNKNOWN,false,false,false,
117467,48E8F9,JDI24W,E550,SP-EFF,2026-09-27T09:44:36.674Z,2026-09-27T10:06:21.097Z,102600,63,0,,0,,,0,,MAX_FROM_SHORT_SEGMENT,UNKNOWN,UNKNOWN,false,false,false,
117468,4AC9EE,SAS7742,A20N,SE-RON,2026-09-27T09:44:53.644Z,2026-09-27T09:57:30.432Z,114800,38,0,,0,,,0,,MAX_FROM_SHORT_SEGMENT,UNKNOWN,UNKNOWN,false,false,false,
117469,408183,EZY83BM,A20N,G-UZEG,2026-09-27T09:44:56.619Z,2026-09-27T09:57:33.525Z,94675,38,0,,0,,,0,,MAX_FROM_SHORT_SEGMENT,UNKNOWN,UNKNOWN,false,false,false,
117471,4D21B1,FHM4762,A320,9H-FHB,2026-09-27T09:45:01.142Z,2026-09-27T10:06:42.777Z,80675,63,0,,0,,,0,,MAX_FROM_SHORT_SEGMENT,UNKNOWN,UNKNOWN,false,false,false,
117473,48E9F0,RYR9834,B738,SP-RNL,2026-09-27T09:45:18.087Z,2026-09-27T10:05:16.018Z,110800,59,0,,0,,,0,,MAX_FROM_SHORT_SEGMENT,UNKNOWN,UNKNOWN,false,false,false,
117478,48AE03,LOT72,B788,SP-LRD,2026-09-27T09:46:17.229Z,2026-09-27T09:54:45.750Z,85800,29,0,,0,,,0,,MAX_FROM_SHORT_SEGMENT,UNKNOWN,UNKNOWN,false,false,false,
117481,48C2B7,RYR5XD,B38M,SP-RZY,2026-09-27T09:46:48.291Z,2026-09-27T10:08:09.686Z,99500,62,0,,0,,,0,,MAX_FROM_SHORT_SEGMENT,UNKNOWN,UNKNOWN,false,false,false,
117483,AA69EE,N770KF,GL6T,N770KF,2026-09-27T09:47:00.870Z,2026-09-27T10:07:42.003Z,82675,60,0,,0,,,0,,MAX_FROM_SHORT_SEGMENT,UNKNOWN,UNKNOWN,false,false,false,
117486,4CAD92,SAS7996,A20N,EI-SCB,2026-09-27T09:47:48.720Z,2026-09-27T10:09:10.200Z,118700,62,0,,0,,,0,,MAX_FROM_SHORT_SEGMENT,UNKNOWN,UNKNOWN,false,false,false,
117487,896707,UAE44,A359,A6-EXZ,2026-09-27T09:47:52.519Z,2026-09-27T10:09:19.676Z,93800,62,0,,0,,,0,,MAX_FROM_SHORT_SEGMENT,UNKNOWN,UNKNOWN,false,false,false,
117489,44008F,AUA33YZ,A320,OE-LZR,2026-09-27T09:48:06.824Z,2026-09-27T09:58:00.315Z,90600,30,0,,0,,,0,,MAX_FROM_SHORT_SEGMENT,UNKNOWN,UNKNOWN,false,false,false,
117492,440052,AUA226K,A320,OE-LBS,2026-09-27T09:48:45.300Z,2026-09-27T10:00:31.953Z,114700,33,0,,0,,,0,,MAX_FROM_SHORT_SEGMENT,UNKNOWN,UNKNOWN,false,false,false,
117494,48AD83,LOT1AL,E190,SP-LMD,2026-09-27T09:48:54.366Z,2026-09-27T10:00:28.768Z,118800,35,0,,0,,,0,,MAX_FROM_SHORT_SEGMENT,UNKNOWN,UNKNOWN,false,false,false,
117496,4CAC8E,SAS7754,A20N,EI-SIP,2026-09-27T09:49:06.094Z,2026-09-27T10:11:11.750Z,80775,64,0,,0,,,0,,MAX_FROM_SHORT_SEGMENT,UNKNOWN,UNKNOWN,false,false,false,
117499,471D6B,WZZ53,A21N,HA-LDR,2026-09-27T09:50:18.063Z,2026-09-27T10:10:07.099Z,85900,56,0,,0,,,0,,MAX_FROM_SHORT_SEGMENT,UNKNOWN,UNKNOWN,false,false,false,
117501,48C127,RYR45BN,B738,SP-RKH,2026-09-27T09:50:21.334Z,2026-09-27T10:16:26.608Z,86200,75,0,,0,,,0,,MAX_FROM_SHORT_SEGMENT,UNKNOWN,UNKNOWN,false,false,false,
117502,3C66B7,OCN1259,A320,D-AIUW,2026-09-27T09:50:29.833Z,2026-09-27T09:54:22.300Z,105900,9,0,,0,,,0,,MAX_FROM_SHORT_SEGMENT,UNKNOWN,UNKNOWN,false,false,false,
117506,76CEF0,SIA323,B77W,9V-SWP,2026-09-27T09:50:52.238Z,2026-09-27T10:12:24.963Z,126700,62,0,,0,,,0,,MAX_FROM_SHORT_SEGMENT,UNKNOWN,UNKNOWN,false,false,false,
117507,489223,ENT7559,B738,SP-ESD,2026-09-27T09:50:58.860Z,2026-09-27T10:09:27.793Z,110700,60,0,,0,,,0,,MAX_FROM_SHORT_SEGMENT,UNKNOWN,UNKNOWN,false,false,false,
117513,4BB286,THY5AW,A21N,TC-LTF,2026-09-27T09:53:30.179Z,2026-09-27T10:00:19.529Z,110700,22,0,,0,,,0,,MAX_FROM_SHORT_SEGMENT,UNKNOWN,UNKNOWN,false,false,false,
117517,06A0BB,QTR8K,B788,A7-BCW,2026-09-27T09:54:42.558Z,2026-09-27T10:17:35.363Z,87600,66,0,,0,,,0,,MAX_FROM_SHORT_SEGMENT,UNKNOWN,UNKNOWN,false,false,false,
117521,45A9A8,OYJMH,C25C,OY-JMH,2026-09-27T09:55:13.879Z,2026-09-27T10:14:25.202Z,82600,56,0,,0,,,0,,MAX_FROM_SHORT_SEGMENT,UNKNOWN,UNKNOWN,false,false,false,
117522,896539,ETD7BR,B789,A6-BNB,2026-09-27T09:55:16.496Z,2026-09-27T10:01:38.874Z,94775,24,0,,0,,,0,,MAX_FROM_SHORT_SEGMENT,UNKNOWN,UNKNOWN,false,false,false,
117523,4D226B,RYR40NP,B738,9H-QCA,2026-09-27T09:55:21.470Z,2026-09-27T10:24:44.584Z,118700,85,0,,0,,,0,,MAX_FROM_SHORT_SEGMENT,UNKNOWN,UNKNOWN,false,false,false,
117524,48418B,KLM64A,B739,PH-BXP,2026-09-27T09:55:44.927Z,2026-09-27T10:18:33.844Z,93175,66,0,,0,,,0,,MAX_FROM_SHORT_SEGMENT,UNKNOWN,UNKNOWN,false,false,false,
117527,49D38C,TVS2QZ,B739,OK-TSM,2026-09-27T09:55:57.102Z,2026-09-27T10:09:27.794Z,85900,42,0,,0,,,0,,MAX_FROM_SHORT_SEGMENT,UNKNOWN,UNKNOWN,false,false,false,
117529,44012F,AUA1R,A319,OE-LDE,2026-09-27T09:56:17.487Z,2026-09-27T10:06:52.759Z,100375,32,0,,0,,,0,,MAX_FROM_SHORT_SEGMENT,UNKNOWN,UNKNOWN,false,false,false,
117530,471F8E,WZZ292,A320,HA-LYS,2026-09-27T09:56:19.302Z,2026-09-27T10:11:36.141Z,110700,47,0,,0,,,0,,MAX_FROM_SHORT_SEGMENT,UNKNOWN,UNKNOWN,false,false,false,
117531,4D2383,RYR8CN,B38M,9H-VVC,2026-09-27T09:56:22.060Z,2026-09-27T10:25:41.137Z,85900,72,0,,0,,,0,,MAX_FROM_SHORT_SEGMENT,UNKNOWN,UNKNOWN,false,false,false,
117534,48C2A1,RYR4VA,B38M,SP-RZB,2026-09-27T09:56:44.346Z,2026-09-27T10:13:44.819Z,85800,50,0,,0,,,0,,MAX_FROM_SHORT_SEGMENT,UNKNOWN,UNKNOWN,false,false,false,
117537,4A2022,HLJ4AE,BCS1,YR-HAB,2026-09-27T09:57:24.952Z,2026-09-27T10:08:54.967Z,85900,24,0,,0,,,0,,MAX_FROM_SHORT_SEGMENT,UNKNOWN,UNKNOWN,false,false,false,
117539,06A129,QTR73V,A35K,A7-ANM,2026-09-27T09:57:44.282Z,2026-09-27T10:16:51.307Z,95700,56,0,,0,,,0,,MAX_FROM_SHORT_SEGMENT,UNKNOWN,UNKNOWN,false,false,false,
117540,4A2182,HLJ3AP,B738,YR-HLB,2026-09-27T09:58:00.095Z,2026-09-27T10:12:03.902Z,102600,46,0,,0,,,0,,MAX_FROM_SHORT_SEGMENT,UNKNOWN,UNKNOWN,false,false,false,
117542,471E60,WMT9ZR,,,2026-09-27T09:58:18.744Z,2026-09-27T10:29:38.465Z,102900,89,5,34000-34000,0,,,0,,MAX_FROM_SHORT_SEGMENT,UNKNOWN,UNKNOWN,false,false,false,
117544,48AF06,LOT6362,B38M,SP-LVG,2026-09-27T09:58:52.093Z,2026-09-27T10:10:51.266Z,118700,32,0,,0,,,0,,MAX_FROM_SHORT_SEGMENT,UNKNOWN,UNKNOWN,false,false,false,
117545,86D5B6,ANA222,B788,JA822A,2026-09-27T09:58:58.668Z,2026-09-27T10:08:02.155Z,94700,30,0,,0,,,0,,MAX_FROM_SHORT_SEGMENT,UNKNOWN,UNKNOWN,false,false,false,
117546,3C66B5,OCN2RM,A320,D-AIUU,2026-09-27T09:59:08.990Z,2026-09-27T10:03:18.107Z,92775,14,0,,0,,,0,,MAX_FROM_SHORT_SEGMENT,UNKNOWN,UNKNOWN,false,false,false,
117547,4BC885,PGT44AN,A321,TC-RDE,2026-09-27T09:59:08.143Z,2026-09-27T10:06:11.901Z,102900,23,0,,0,,,0,,MAX_FROM_SHORT_SEGMENT,UNKNOWN,UNKNOWN,false,false,false,
117549,502CCF,BTI9RG,BCS3,YL-CSF,2026-09-27T09:59:10.708Z,2026-09-27T10:20:29.569Z,102900,62,0,,0,,,0,,MAX_FROM_SHORT_SEGMENT,UNKNOWN,UNKNOWN,false,false,false,
117554,3CF8BE,PTN19K,PC24,D-CVMS,2026-09-27T09:59:48.801Z,2026-09-27T10:17:29.018Z,93975,52,0,,0,,,0,,MAX_FROM_SHORT_SEGMENT,UNKNOWN,UNKNOWN,false,false,false,
117555,06A11E,QTR35P,A35K,A7-ANB,2026-09-27T10:00:22.504Z,2026-09-27T10:20:03.982Z,94800,57,0,,0,,,0,,MAX_FROM_SHORT_SEGMENT,UNKNOWN,UNKNOWN,false,false,false,
117556,471F55,WMT4UH,A320,HA-LWN,2026-09-27T10:00:35.550Z,2026-09-27T10:15:22.045Z,85900,45,0,,0,,,0,,MAX_FROM_SHORT_SEGMENT,UNKNOWN,UNKNOWN,false,false,false,
117558,48C22F,RYR7AK,B738,SP-RSP,2026-09-27T10:00:42.294Z,2026-09-27T10:11:40.198Z,114900,34,0,,0,,,0,,MAX_FROM_SHORT_SEGMENT,UNKNOWN,UNKNOWN,false,false,false,
117561,8966A9,ETD44,A21N,A6-LRD,2026-09-27T10:01:03.724Z,2026-09-27T10:23:55.380Z,110700,68,0,,0,,,0,,MAX_FROM_SHORT_SEGMENT,UNKNOWN,UNKNOWN,false,false,false,
117562,400D5B,BAW864,A319,G-DBCH,2026-09-27T10:01:10.450Z,2026-09-27T10:20:22.958Z,98775,56,0,,0,,,0,,MAX_FROM_SHORT_SEGMENT,UNKNOWN,UNKNOWN,false,false,false,
117564,49D4AF,AAO25,C25A,OK-DLM,2026-09-27T10:01:54.277Z,2026-09-27T10:20:14.031Z,93575,54,0,,0,,,0,,MAX_FROM_SHORT_SEGMENT,UNKNOWN,UNKNOWN,false,false,false,
117565,3CDDE1,SFG55A,E55P,D-CLIF,2026-09-27T10:01:57.282Z,2026-09-27T10:08:00.466Z,87000,21,0,,0,,,0,,MAX_FROM_SHORT_SEGMENT,UNKNOWN,UNKNOWN,false,false,false,
117566,ACDAEC,N9273,F2LX,N9273,2026-09-27T10:02:00.423Z,2026-09-27T10:07:04.862Z,80800,18,0,,0,,,0,,MAX_FROM_SHORT_SEGMENT,UNKNOWN,UNKNOWN,false,false,false,
117567,406D78,BAW136,B789,G-ZBKB,2026-09-27T10:02:00.260Z,2026-09-27T10:28:14.631Z,87600,76,0,,0,,,0,,MAX_FROM_SHORT_SEGMENT,UNKNOWN,UNKNOWN,false,false,false,
117569,4CAD97,SAS7654,A20N,EI-SCG,2026-09-27T10:02:31.588Z,2026-09-27T10:25:15.470Z,118700,66,0,,0,,,0,,MAX_FROM_SHORT_SEGMENT,UNKNOWN,UNKNOWN,false,false,false,
117572,44019A,AUA8K,B789,OE-LPG,2026-09-27T10:02:44.745Z,2026-09-27T10:05:46.567Z,101000,14,0,,0,,,0,,MAX_FROM_SHORT_SEGMENT,UNKNOWN,UNKNOWN,false,false,false,
117574,49D04D,TVP7707,B738,OK-TVG,2026-09-27T10:03:37.680Z,2026-09-27T10:25:20.932Z,92700,64,0,,0,,,0,,MAX_FROM_SHORT_SEGMENT,UNKNOWN,UNKNOWN,false,false,false,
117577,06A2E9,QTR64P,B789,A7-BHF,2026-09-27T10:03:56.227Z,2026-09-27T10:21:54.957Z,95700,53,0,,0,,,0,,MAX_FROM_SHORT_SEGMENT,UNKNOWN,UNKNOWN,false,false,false,
117578,C02EC1,ACA943,B789,C-FRSI,2026-09-27T10:04:02.238Z,2026-09-27T10:20:37.084Z,93800,49,0,,0,,,0,,MAX_FROM_SHORT_SEGMENT,UNKNOWN,UNKNOWN,false,false,false,
117579,471EFE,WZZ61TX,A321,HA-LTE,2026-09-27T10:04:27.467Z,2026-09-27T10:25:27.090Z,118800,61,0,,0,,,0,,MAX_FROM_SHORT_SEGMENT,UNKNOWN,UNKNOWN,false,false,false,
117581,49D00D,TVP7707,B738,OK-TVJ,2026-09-27T10:05:22.191Z,2026-09-27T10:24:42.621Z,102900,56,0,,0,,,0,,MAX_FROM_SHORT_SEGMENT,UNKNOWN,UNKNOWN,false,false,false,
117585,4BAB2F,THY6RP,B739,TC-JYO,2026-09-27T10:06:05.965Z,2026-09-27T10:25:57.636Z,85900,54,0,,0,,,0,,MAX_FROM_SHORT_SEGMENT,UNKNOWN,UNKNOWN,false,false,false,
117589,8960E7,UAE52M,A388,A6-EDF,2026-09-27T10:06:52.319Z,2026-09-27T10:33:02.720Z,87600,66,4,40000-40000,0,,,0,,MAX_FROM_SHORT_SEGMENT,UNKNOWN,UNKNOWN,false,false,false,
117591,8964A1,UAE32E,B77W,A6-EQI,2026-09-27T10:07:27.288Z,2026-09-27T10:16:45.353Z,102900,27,0,,0,,,0,,MAX_FROM_SHORT_SEGMENT,UNKNOWN,UNKNOWN,false,false,false,
117594,400A25,BAW863Z,A320,G-EUUP,2026-09-27T10:07:41.865Z,2026-09-27T10:27:18.059Z,91600,57,0,,0,,,0,,MAX_FROM_SHORT_SEGMENT,UNKNOWN,UNKNOWN,false,false,false,
117595,4D24B6,HYS408,B738,9H-SAU,2026-09-27T10:07:42.003Z,2026-09-27T10:23:23.674Z,94800,43,0,,0,,,0,,MAX_FROM_SHORT_SEGMENT,UNKNOWN,UNKNOWN,false,false,false,
117597,3C66AC,DLH6NJ,A320,D-AIUL,2026-09-27T10:07:45.877Z,2026-09-27T10:18:40.061Z,102800,35,0,,0,,,0,,MAX_FROM_SHORT_SEGMENT,UNKNOWN,UNKNOWN,false,false,false,
117598,4D2146,WMT8585,CL61,9H-THC,2026-09-27T10:07:48.079Z,2026-09-27T10:31:41.734Z,85900,69,11,34000-34025,0,,,0,,MAX_FROM_SHORT_SEGMENT,UNKNOWN,UNKNOWN,false,false,false,
117599,AB7ECE,TWY303,F2LX,N84PJ,2026-09-27T10:07:52.106Z,2026-09-27T10:23:09.175Z,101900,45,0,,0,,,0,,MAX_FROM_SHORT_SEGMENT,UNKNOWN,UNKNOWN,false,false,false,
117605,4BB853,PGT63SA,A20N,TC-NBS,2026-09-27T10:08:51.413Z,2026-09-27T10:25:47.199Z,80775,49,0,,0,,,0,,MAX_FROM_SHORT_SEGMENT,UNKNOWN,UNKNOWN,false,false,false,
117606,471FAA,WZZ341,A321,HA-LZU,2026-09-27T10:08:54.597Z,2026-09-27T10:37:17.333Z,110700,81,27,19050-34225,0,,,0,,MAX_FROM_SHORT_SEGMENT,UNKNOWN,UNKNOWN,false,false,false,
117607,48C2B3,RYR7PD,B38M,SP-RZU,2026-09-27T10:09:18.431Z,2026-09-27T10:32:41.270Z,98700,74,19,38000-38000,0,,,0,,MAX_FROM_SHORT_SEGMENT,UNKNOWN,UNKNOWN,false,false,false,
117608,4BB0EC,THY1RT,A359,TC-LGL,2026-09-27T10:09:34.262Z,2026-09-27T10:13:23.583Z,82600,14,0,,0,,,0,,MAX_FROM_SHORT_SEGMENT,UNKNOWN,UNKNOWN,false,false,false,
117610,49D0E0,ABP751,E35L,OK-JNT,2026-09-27T10:09:41.608Z,2026-09-27T10:28:39.689Z,93900,56,0,,0,,,0,,MAX_FROM_SHORT_SEGMENT,UNKNOWN,UNKNOWN,false,false,false,
117612,4D200E,WMT886,A21N,9H-WNN,2026-09-27T10:10:15.682Z,2026-09-27T10:15:50.239Z,98300,19,0,,0,,,0,,MAX_FROM_SHORT_SEGMENT,UNKNOWN,UNKNOWN,false,false,false,
117615,5082A0,CVK7027,AN12,UR-CKL,2026-09-27T10:10:46.082Z,2026-09-27T10:29:51.170Z,126700,56,6,19700-20025,0,,,0,,MAX_FROM_SHORT_SEGMENT,UNKNOWN,UNKNOWN,false,false,false,
117616,44065B,AUA20H,A320,OE-LBW,2026-09-27T10:10:56.178Z,2026-09-27T10:19:15.296Z,101175,26,0,,0,,,0,,MAX_FROM_SHORT_SEGMENT,UNKNOWN,UNKNOWN,false,false,false,
117618,440668,AUA18PU,A320,OE-LBL,2026-09-27T10:11:20.809Z,2026-09-27T10:21:48.940Z,101000,32,0,,0,,,0,,MAX_FROM_SHORT_SEGMENT,UNKNOWN,UNKNOWN,false,false,false,
117620,3C66A7,DLH7YW,A320,D-AIUG,2026-09-27T10:11:27.419Z,2026-09-27T10:28:56.788Z,98675,51,2,20475-20475,0,,,0,,MAX_FROM_SHORT_SEGMENT,UNKNOWN,UNKNOWN,false,false,false,
117621,471F00,WMT481,A321,HA-LTG,2026-09-27T10:11:30.093Z,2026-09-27T10:35:33.888Z,85900,67,19,34000-34025,0,,,0,,MAX_FROM_SHORT_SEGMENT,UNKNOWN,UNKNOWN,false,false,false,
117622,48C22E,RYR4YD,B738,SP-RSO,2026-09-27T10:11:58.005Z,2026-09-27T10:11:58.005Z,118700,9,0,,0,,,0,,MAX_FROM_SHORT_SEGMENT,UNKNOWN,UNKNOWN,false,false,false,
117625,46B838,AEE2WD,A21N,SX-NAX,2026-09-27T10:12:11.463Z,2026-09-27T10:29:06.177Z,98200,48,1,35000-35000,0,,,0,,MAX_FROM_SHORT_SEGMENT,UNKNOWN,UNKNOWN,false,false,false,
117626,493293,NJE5MY,C68A,CS-LTS,2026-09-27T10:12:32.752Z,2026-09-27T10:27:58.823Z,87600,43,0,,0,,,0,,MAX_FROM_SHORT_SEGMENT,UNKNOWN,UNKNOWN,false,false,false,
117628,4D24B1,WZZ8,A321,9H-WDF,2026-09-27T10:12:45.789Z,2026-09-27T10:30:20.422Z,102900,51,7,10350-22050,0,,,0,,MAX_FROM_SHORT_SEGMENT,UNKNOWN,UNKNOWN,false,false,false,
117633,4BB18D,THY8LV,B789,TC-LLM,2026-09-27T10:13:29.088Z,2026-09-27T10:32:04.317Z,94775,55,11,36975-37000,0,,,0,,MAX_FROM_SHORT_SEGMENT,UNKNOWN,UNKNOWN,false,false,false,
117634,76CEF1,SIA335,B77W,9V-SWQ,2026-09-27T10:13:39.805Z,2026-09-27T10:13:39.805Z,125800,9,0,,0,,,0,,MAX_FROM_SHORT_SEGMENT,UNKNOWN,UNKNOWN,false,false,false,
117636,706074,KAC171,A21N,9K-AQA,2026-09-27T10:13:45.753Z,2026-09-27T10:39:21.943Z,85900,74,31,33975-34025,0,,,0,,MAX_FROM_SHORT_SEGMENT,UNKNOWN,UNKNOWN,false,false,false,
117638,4C31E1,MPC003,C56X,YU-MPB,2026-09-27T10:14:06.423Z,2026-09-27T10:30:35.137Z,102900,48,7,34000-38900,0,,,0,,MAX_FROM_SHORT_SEGMENT,UNKNOWN,UNKNOWN,false,false,false,
117639,511170,MBU4GV,A320,ES-MBA,2026-09-27T10:14:20.109Z,2026-09-27T10:18:00.748Z,113900,13,0,,0,,,0,,MAX_FROM_SHORT_SEGMENT,UNKNOWN,UNKNOWN,false,false,false,
117640,452138,AMQ776,A321,LZ-EAG,2026-09-27T10:14:40.845Z,2026-09-27T10:38:59.731Z,118900,70,31,31975-32025,0,,,0,,MAX_FROM_SHORT_SEGMENT,UNKNOWN,UNKNOWN,false,false,false,
117649,4AC9E9,SAS7902,A20N,SE-ROI,2026-09-27T10:15:38.369Z,2026-09-27T10:30:49.167Z,118700,42,3,38025-38025,0,,,0,,MAX_FROM_SHORT_SEGMENT,UNKNOWN,UNKNOWN,false,false,false,
117653,3D37DD,DETKF,SR22,D-ETKF,2026-09-27T10:16:18.921Z,2026-09-27T10:19:36.977Z,106600,12,0,,0,,,0,,MAX_FROM_SHORT_SEGMENT,UNKNOWN,UNKNOWN,false,false,false,
117654,4BB4E3,MGH883,B738,TC-MGC,2026-09-27T10:16:22.007Z,2026-09-27T10:20:06.712Z,122800,14,0,,0,,,0,,MAX_FROM_SHORT_SEGMENT,UNKNOWN,UNKNOWN,false,false,false,
117655,4D2427,WZZ227,A321,9H-WAS,2026-09-27T10:15:25.841Z,2026-09-27T10:18:51.317Z,103600,6,0,,0,,,0,,MAX_FROM_SHORT_SEGMENT,UNKNOWN,UNKNOWN,false,false,false,
117656,471F66,WMT507,A321,HA-LXE,2026-09-27T10:16:30.307Z,2026-09-27T10:19:31.319Z,85900,12,0,,0,,,0,,MAX_FROM_SHORT_SEGMENT,UNKNOWN,UNKNOWN,false,false,false,
117658,3C6427,CFG4DP,A321,D-AIAG,2026-09-27T10:16:53.327Z,2026-09-27T10:29:06.549Z,80675,22,4,36000-36000,0,,,0,,MAX_FROM_SHORT_SEGMENT,UNKNOWN,UNKNOWN,false,false,false,
117667,471E5E,WZZ8PP,A21N,HA-LNA,2026-09-27T10:19:37.547Z,2026-09-27T10:54:06.218Z,80700,82,55,35975-36025,0,,,0,,MAX_FROM_SHORT_SEGMENT,UNKNOWN,UNKNOWN,false,false,false,
117668,45AB28,FIN6HL,B738,OY-JYH,2026-09-27T10:19:46.094Z,2026-09-27T10:36:45.714Z,118600,45,19,35850-37000,0,,,0,,MAX_FROM_SHORT_SEGMENT,UNKNOWN,UNKNOWN,false,false,false,
117676,48C12E,RYR4155,B738,SP-RKO,2026-09-27T10:21:07.252Z,2026-09-27T10:34:24.772Z,118700,41,18,38000-38000,0,,,0,,MAX_FROM_SHORT_SEGMENT,UNKNOWN,UNKNOWN,false,false,false,
117679,49D56E,AAN141,E55P,OK-PHA,2026-09-27T10:21:38.583Z,2026-09-27T10:44:41.749Z,98700,67,46,41000-41000,0,,,0,,MAX_FROM_SHORT_SEGMENT,UNKNOWN,UNKNOWN,false,false,false,
117680,4BC84C,PGT9GP,A21N,TC-RBL,2026-09-27T10:21:48.136Z,2026-09-27T10:44:29.095Z,85900,66,45,22600-34025,0,,,0,,MAX_FROM_SHORT_SEGMENT,UNKNOWN,UNKNOWN,false,false,false,
117684,4D2096,RYR619N,B738,9H-QFN,2026-09-27T10:21:58.940Z,2026-09-27T10:28:48.047Z,100350,9,0,,0,,,0,,MAX_FROM_SHORT_SEGMENT,UNKNOWN,UNKNOWN,false,false,false,
117696,49D26C,TVS1VW,B738,OK-TVR,2026-09-27T10:24:29.024Z,2026-09-27T10:39:39.428Z,93900,45,32,15900-43075,0,,,0,,MAX_FROM_SHORT_SEGMENT,UNKNOWN,UNKNOWN,false,false,false,
117698,4BC845,PGT62LH,A21N,TC-RBE,2026-09-27T10:24:44.612Z,2026-09-27T10:36:41.103Z,85900,30,17,34000-39600,0,,,0,,MAX_FROM_SHORT_SEGMENT,UNKNOWN,UNKNOWN,false,false,false,
117699,471F31,WZZ99TY,A21N,HA-LVD,2026-09-27T10:24:45.269Z,2026-09-27T10:55:26.922Z,106900,79,67,22600-34025,0,,,0,,MAX_FROM_SHORT_SEGMENT,UNKNOWN,UNKNOWN,false,false,false,
117701,440820,AUA353F,E195,OE-LWD,2026-09-27T10:25:55.912Z,2026-09-27T10:36:01.101Z,81800,26,17,25250-32000,0,,,0,,MAX_FROM_SHORT_SEGMENT,UNKNOWN,UNKNOWN,false,false,false,
117702,48E9F5,RYR16T,B738,SP-RNQ,2026-09-27T10:25:58.968Z,2026-09-27T10:44:08.810Z,85900,53,45,21925-36600,0,,,0,,MAX_FROM_SHORT_SEGMENT,UNKNOWN,UNKNOWN,false,false,false,
117703,801612,AIC162,A359,VT-JRB,2026-09-27T10:26:02.713Z,2026-09-27T10:47:27.482Z,93800,63,55,30700-39000,0,,,0,,MAX_FROM_SHORT_SEGMENT,UNKNOWN,UNKNOWN,false,false,false,
117705,4D242C,WMT9DJ,A321,9H-WAX,2026-09-27T10:26:30.862Z,2026-09-27T10:51:43.457Z,85900,73,66,22600-39600,0,,,0,,MAX_FROM_SHORT_SEGMENT,UNKNOWN,UNKNOWN,false,false,false,
117707,0100A2,MSR520,A332,SU-GCE,2026-09-27T10:27:00.713Z,2026-09-27T10:47:17.868Z,101900,57,51,37900-40000,0,,,0,,MAX_FROM_SHORT_SEGMENT,UNKNOWN,UNKNOWN,false,false,false,
