flightPositionId,flightId,recordedAt,icao,callsign,previousPositionId,previousAltitude,previousRecordedAt,currentAltitude,nextPositionId,nextAltitude,nextRecordedAt,secondsPrev,secondsNext,impliedVerticalRatePrev,impliedVerticalRateNext,aircraftType,flightMaxAltitude,classification,classificationReason
4444889,117325,2026-09-27T09:47:15.218Z,4BCDB5,SXS6EG,4444795,76400,2026-09-27T09:46:53.072Z,118700,4444962,76400,2026-09-27T09:47:36.762Z,22.146,21.544,114603.08859387701,-117805.42146305236,B738,118700,POSSIBLE,"high altitude with temporally close, stable neighbors"
4445469,117325,2026-09-27T09:49:47.559Z,4BCDB5,SXS6EG,4445385,76400,2026-09-27T09:49:25.745Z,54700,4445551,76400,2026-09-27T09:50:09.026Z,21.814,21.467,-59686.43990098102,60651.23212372479,B738,118700,POSSIBLE,"high altitude with temporally close, stable neighbors"
4445063,117347,2026-09-27T09:47:58.637Z,4AC9ED,SAS64R,4444977,76400,2026-09-27T09:47:37.089Z,118700,4445144,76400,2026-09-27T09:48:18.811Z,21.548,20.174,117783.55299795803,-125805.49221770596,A20N,118700,POSSIBLE,"high altitude with temporally close, stable neighbors"
4446567,117376,2026-09-27T09:54:29.969Z,4BB1E3,THY6BZ,4446486,118700,2026-09-27T09:54:08.561Z,76400,4446651,118700,2026-09-27T09:54:52.030Z,21.408,22.061,-118553.81165919283,115044.64892797245,A333,118700,POSSIBLE,"high altitude with temporally close, stable neighbors"
4444485,117377,2026-09-27T09:45:25.746Z,48C2AF,RYR4CH,4444404,6800,2026-09-27T09:45:04.335Z,76400,4444567,6800,2026-09-27T09:45:48.160Z,21.411,22.414,195039.93274485078,-186312.12634960294,B38M,118700,POSSIBLE,"high altitude with temporally close, stable neighbors"
4444651,117377,2026-09-27T09:46:09.791Z,48C2AF,RYR4CH,4444567,6800,2026-09-27T09:45:48.160Z,76400,4444730,6800,2026-09-27T09:46:31.308Z,21.631,21.517,193056.2618464241,-194079.10024631687,B38M,118700,POSSIBLE,"high altitude with temporally close, stable neighbors"
4444816,117377,2026-09-27T09:46:53.153Z,48C2AF,RYR4CH,4444730,6800,2026-09-27T09:46:31.308Z,118700,4444897,6800,2026-09-27T09:47:15.272Z,21.845,22.119,307347.21904325933,-303539.9430353994,B38M,118700,POSSIBLE,"high altitude with temporally close, stable neighbors"
4445405,117377,2026-09-27T09:49:25.865Z,48C2AF,RYR4CH,4445322,76400,2026-09-27T09:49:03.060Z,54700,4445487,76400,2026-09-27T09:49:42.921Z,22.805,17.056,-57092.74281955711,76336.77298311445,B38M,118700,POSSIBLE,"high altitude with temporally close, stable neighbors"
4445216,117386,2026-09-27T09:48:41.945Z,06A2F4,QTR94R,4445132,39000,2026-09-27T09:47:45.880Z,95700,4445305,38975,2026-09-27T09:48:53.796Z,56.065,11.851,60679.56835815571,-287190.9543498439,B789,95700,POSSIBLE,"high altitude with temporally close, stable neighbors"
4445822,117388,2026-09-27T09:51:14.831Z,3C70CA,GEC8410,4445736,79000,2026-09-27T09:50:52.236Z,93800,4445913,79000,2026-09-27T09:51:35.858Z,22.595,21.027,39300.73025005532,-42231.416749893,B77L,93800,POSSIBLE,"high altitude with temporally close, stable neighbors"
4444719,117391,2026-09-27T09:46:31.336Z,48C22B,RYS5096,4444637,61700,2026-09-27T09:46:07.998Z,87900,4444802,60400,2026-09-27T09:46:52.771Z,23.338,21.435,67357.95698003256,-76976.90692792162,B738,88375,POSSIBLE,"high altitude with temporally close, stable neighbors"
4445228,117391,2026-09-27T09:48:34.198Z,48C22B,RYS5096,4445142,30000,2026-09-27T09:48:20.013Z,86700,4445314,29475,2026-09-27T09:49:04.032Z,14.185,29.834,239830.8071906944,-115086.8137024871,B738,88375,POSSIBLE,"high altitude with temporally close, stable neighbors"
4444207,117394,2026-09-27T09:44:20.510Z,4D201F,WZZ1EB,4444133,68400,2026-09-27T09:43:54.432Z,85900,4444293,68400,2026-09-27T09:44:41.480Z,26.078,20.97,40263.82391287675,-50071.53075822604,A21N,85900,POSSIBLE,"high altitude with temporally close, stable neighbors"
4445129,117399,2026-09-27T09:48:20.672Z,5004E3,MEA199,4445051,68400,2026-09-27T09:47:55.192Z,85900,4445215,68400,2026-09-27T09:48:42.326Z,25.48,21.654,41208.791208791205,-48489.8863951233,A320,85900,POSSIBLE,"high altitude with temporally close, stable neighbors"
4445723,117399,2026-09-27T09:50:52.316Z,5004E3,MEA199,4445633,85900,2026-09-27T09:50:31.281Z,68375,4445807,85900,2026-09-27T09:51:14.613Z,21.035,22.297,-49988.11504635132,47158.81060232318,A320,85900,POSSIBLE,"high altitude with temporally close, stable neighbors"
4445807,117399,2026-09-27T09:51:14.613Z,5004E3,MEA199,4445723,68375,2026-09-27T09:50:52.316Z,85900,4445898,68400,2026-09-27T09:51:36.049Z,22.297,21.436,47158.81060232318,-48983.01922000373,A320,85900,POSSIBLE,"high altitude with temporally close, stable neighbors"
4447166,117400,2026-09-27T09:57:03.188Z,471FAD,WZZ67,4447074,36000,2026-09-27T09:56:27.877Z,80300,4447256,35975,2026-09-27T09:57:23.747Z,35.311,20.559,75273.99393956557,-129359.40464030352,A21N,99875,POSSIBLE,"high altitude with temporally close, stable neighbors"
4444653,117406,2026-09-27T09:46:09.104Z,503D72,HST3518,4444568,36000,2026-09-27T09:45:47.618Z,80600,4444732,36000,2026-09-27T09:46:26.640Z,21.486,17.536,124546.21614074282,-152600.36496350364,A320,80775,POSSIBLE,"high altitude with temporally close, stable neighbors"
4444716,117411,2026-09-27T09:46:31.693Z,3D673B,DFLIP,4444642,19850,2026-09-27T09:46:09.405Z,68600,4444800,20425,2026-09-27T09:46:53.127Z,22.288,21.434,131236.5398420675,-134855.83652141457,C208,126600,POSSIBLE,"high altitude with temporally close, stable neighbors"
4449131,117411,2026-09-27T10:05:23.150Z,3D673B,DFLIP,4449050,3875,2026-09-27T10:05:01.603Z,85900,4449214,4600,2026-09-27T10:05:44.881Z,21.547,21.731,228407.66696059777,-224471.95251023883,C208,126600,POSSIBLE,"high altitude with temporally close, stable neighbors"
4449299,117411,2026-09-27T10:06:06.917Z,3D673B,DFLIP,4449214,4600,2026-09-27T10:05:44.881Z,94300,4449386,5300,2026-09-27T10:06:28.926Z,22.036,22.009,244236.7035759666,-242628.01581171338,C208,126600,POSSIBLE,"high altitude with temporally close, stable neighbors"
4446510,117417,2026-09-27T09:54:11.643Z,4080E4,BAW706,4446429,76375,2026-09-27T09:53:36.209Z,117800,4446592,76400,2026-09-27T09:54:33.246Z,35.434,21.603,70144.4939888243,-114984.02999583392,A20N,117800,POSSIBLE,"high altitude with temporally close, stable neighbors"
4446564,117418,2026-09-27T09:54:30.227Z,896407,ETD75F,4446487,6800,2026-09-27T09:54:07.850Z,71700,4446650,6800,2026-09-27T09:54:51.866Z,22.377,21.639,174017.96487464808,-179952.862886455,A388,76400,POSSIBLE,"high altitude with temporally close, stable neighbors"
4445775,117419,2026-09-27T09:50:49.248Z,4BC8C5,PGT583Y,4445686,22600,2026-09-27T09:50:43.456Z,68400,4445862,22600,2026-09-27T09:51:22.781Z,5.792,33.533,474447.5138121547,-81949.1247427907,A21N,102900,POSSIBLE,"high altitude with temporally close, stable neighbors"
4446707,117419,2026-09-27T09:55:07.431Z,4BC8C5,PGT583Y,4446624,34000,2026-09-27T09:54:45.499Z,102900,4446792,34000,2026-09-27T09:55:27.667Z,21.932,20.236,188491.70162319898,-204289.38525400276,A21N,102900,POSSIBLE,"high altitude with temporally close, stable neighbors"
4447230,117419,2026-09-27T09:57:18.918Z,4BC8C5,PGT583Y,4447140,34000,2026-09-27T09:56:56.167Z,102900,4447319,34000,2026-09-27T09:57:37.727Z,22.751,18.809,181706.2986242363,-219788.3991706098,A21N,102900,POSSIBLE,"high altitude with temporally close, stable neighbors"
4447581,117419,2026-09-27T09:58:47.251Z,4BC8C5,PGT583Y,4447496,68400,2026-09-27T09:58:25.108Z,102900,4447665,68400,2026-09-27T09:59:08.227Z,22.143,20.976,93483.26784988484,-98684.21052631579,A21N,102900,POSSIBLE,"high altitude with temporally close, stable neighbors"
4443696,117420,2026-09-27T09:41:48.626Z,8962E5,ETD9XU,4443622,33000,2026-09-27T09:41:25.618Z,110700,4443771,33000,2026-09-27T09:42:09.163Z,23.008,20.537,202625.173852573,-227004.91795296295,B77W,110700,POSSIBLE,"high altitude with temporally close, stable neighbors"
4444891,117420,2026-09-27T09:47:14.941Z,8962E5,ETD9XU,4444804,66600,2026-09-27T09:46:52.962Z,110700,4444972,66600,2026-09-27T09:47:37.145Z,21.979,22.204,120387.64274989763,-119167.71752837326,B77W,110700,POSSIBLE,"high altitude with temporally close, stable neighbors"
4446092,117420,2026-09-27T09:52:20.318Z,8962E5,ETD9XU,4446003,33000,2026-09-27T09:51:57.388Z,79700,4446179,33000,2026-09-27T09:52:41.481Z,22.93,21.163,122197.99389446141,-132400.88834286254,B77W,110700,POSSIBLE,"high altitude with temporally close, stable neighbors"
4446833,117420,2026-09-27T09:55:35.466Z,8962E5,ETD9XU,4446751,33000,2026-09-27T09:55:12.159Z,79700,4446922,33000,2026-09-27T09:55:55.871Z,23.307,20.405,120221.39271463508,-137319.2844890958,B77W,110700,POSSIBLE,"high altitude with temporally close, stable neighbors"
4447009,117420,2026-09-27T09:56:18.568Z,8962E5,ETD9XU,4446922,33000,2026-09-27T09:55:55.871Z,79700,4447096,33000,2026-09-27T09:56:20.474Z,22.697,1.906,123452.4386482795,-1470094.4386149005,B77W,110700,POSSIBLE,"high altitude with temporally close, stable neighbors"
4446192,117422,2026-09-27T09:52:48.250Z,896749,ABY774,4446107,34800,2026-09-27T09:52:26.460Z,55000,4446273,34075,2026-09-27T09:53:07.390Z,21.79,19.14,55621.84488297383,-65595.61128526645,A20N,110900,POSSIBLE,"high altitude with temporally close, stable neighbors"
4444692,117424,2026-09-27T09:46:31.473Z,4080E0,BAW7WN,4444611,28825,2026-09-27T09:46:09.899Z,58825,4444777,29600,2026-09-27T09:46:51.618Z,21.574,20.145,83433.76286270512,-87043.9314966493,A20N,87500,POSSIBLE,"high altitude with temporally close, stable neighbors"
4444861,117424,2026-09-27T09:47:12.424Z,4080E0,BAW7WN,4444777,29600,2026-09-27T09:46:51.618Z,76400,4444944,30325,2026-09-27T09:47:32.128Z,20.806,19.704,134961.06892242623,-140301.4616321559,A20N,87500,POSSIBLE,"high altitude with temporally close, stable neighbors"
4444127,117428,2026-09-27T09:43:59.100Z,440824,AUA644,4444050,20425,2026-09-27T09:43:36.108Z,72775,4444203,20075,2026-09-27T09:44:19.907Z,22.992,20.807,136612.73486430064,-151968.08766280577,E195,93900,POSSIBLE,"high altitude with temporally close, stable neighbors"
4443786,117430,2026-09-27T09:42:10.091Z,06A2B4,QTR21X,4443714,64800,2026-09-27T09:41:39.408Z,118900,4443857,64800,2026-09-27T09:42:30.459Z,30.683,20.368,105791.48062445002,-159367.63550667712,B77W,118900,POSSIBLE,"high altitude with temporally close, stable neighbors"
4443717,117431,2026-09-27T09:41:47.861Z,48AD03,LOT6CV,4443654,33000,2026-09-27T09:41:20.096Z,110700,4443789,33000,2026-09-27T09:42:08.746Z,27.765,20.885,167909.2382495948,-223222.40842710077,E75S,110700,POSSIBLE,"high altitude with temporally close, stable neighbors"
4444454,117439,2026-09-27T09:45:25.309Z,3C48F1,EWG43Q,4444369,76400,2026-09-27T09:45:04.251Z,53800,4444543,76400,2026-09-27T09:45:33.820Z,21.058,8.511,-64393.57963719252,159323.22876277758,A319,118700,POSSIBLE,"high altitude with temporally close, stable neighbors"
4444543,117439,2026-09-27T09:45:33.820Z,3C48F1,EWG43Q,4444454,53800,2026-09-27T09:45:25.309Z,76400,4444620,53800,2026-09-27T09:46:09.350Z,8.511,35.53,159323.22876277758,-38164.931044188015,A319,118700,POSSIBLE,"high altitude with temporally close, stable neighbors"
4447697,117439,2026-09-27T09:59:14.612Z,3C48F1,EWG43Q,4447608,6800,2026-09-27T09:58:53.613Z,76400,4447780,6800,2026-09-27T09:59:37.413Z,20.999,22.801,198866.61269584266,-183149.86184816455,A319,118700,POSSIBLE,"high altitude with temporally close, stable neighbors"
4445721,117444,2026-09-27T09:50:37.561Z,4BC8D4,PGT73G,4445635,33000,2026-09-27T09:50:11.562Z,79700,4445809,33000,2026-09-27T09:50:58.407Z,25.999,20.846,107773.37589907304,-134414.27612011897,A21N,79700,POSSIBLE,"high altitude with temporally close, stable neighbors"
4444114,117453,2026-09-27T09:43:36.244Z,8963F7,UAE1,4444037,40000,2026-09-27T09:43:33.620Z,87600,4444191,40000,2026-09-27T09:44:10.219Z,2.624,33.975,1088414.6341463416,-84061.81015452539,A388,101900,POSSIBLE,"high altitude with temporally close, stable neighbors"
4443879,117454,2026-09-27T09:42:43.667Z,4BC84B,PGT6BT,4443802,34000,2026-09-27T09:42:22.595Z,85900,4443955,34000,2026-09-27T09:43:01.909Z,21.072,18.242,147779.04328018223,-170704.96656068414,A21N,85900,POSSIBLE,"high altitude with temporally close, stable neighbors"
4444509,117454,2026-09-27T09:45:37.459Z,4BC84B,PGT6BT,4444425,34000,2026-09-27T09:44:50.458Z,85900,4444591,34000,2026-09-27T09:45:46.714Z,47.001,9.255,66253.90949128741,-336466.7747163695,A21N,85900,POSSIBLE,"high altitude with temporally close, stable neighbors"
4444268,117455,2026-09-27T09:44:26.407Z,49D2BB,NTF456H,4444187,25000,2026-09-27T09:44:07.386Z,50600,4444350,25000,2026-09-27T09:44:55.283Z,19.021,28.876,80752.85211082488,-53192.9630142679,PC12,77800,POSSIBLE,"high altitude with temporally close, stable neighbors"
4444431,117455,2026-09-27T09:45:19.379Z,49D2BB,NTF456H,4444350,25000,2026-09-27T09:44:55.283Z,50600,4444518,25000,2026-09-27T09:45:41.143Z,24.096,21.764,63745.01992031872,-70575.26190038596,PC12,77800,POSSIBLE,"high altitude with temporally close, stable neighbors"
4445019,117455,2026-09-27T09:47:50.904Z,49D2BB,NTF456H,4444933,14700,2026-09-27T09:47:19.529Z,50600,4445105,14700,2026-09-27T09:48:14.416Z,31.375,23.512,68653.38645418326,-91612.79346716571,PC12,77800,POSSIBLE,"high altitude with temporally close, stable neighbors"
4446457,117455,2026-09-27T09:53:56.160Z,49D2BB,NTF456H,4446376,77800,2026-09-27T09:53:40.350Z,50600,4446538,77800,2026-09-27T09:54:22.351Z,15.81,26.191,-103225.8064516129,62311.48104310641,PC12,77800,POSSIBLE,"high altitude with temporally close, stable neighbors"
4446538,117455,2026-09-27T09:54:22.351Z,49D2BB,NTF456H,4446457,50600,2026-09-27T09:53:56.160Z,77800,4446620,50600,2026-09-27T09:54:42.152Z,26.191,19.801,62311.48104310641,-82420.0797939498,PC12,77800,POSSIBLE,"high altitude with temporally close, stable neighbors"
4447410,117455,2026-09-27T09:58:03.429Z,49D2BB,NTF456H,4447320,25000,2026-09-27T09:57:37.674Z,77800,4447497,25000,2026-09-27T09:58:22.323Z,25.755,18.894,123005.24170064065,-167672.2769133058,PC12,77800,POSSIBLE,"high altitude with temporally close, stable neighbors"
4447101,117460,2026-09-27T09:56:44.163Z,3C66E1,DLH1UL,4447013,34000,2026-09-27T09:56:15.565Z,85900,4447190,34000,2026-09-27T09:56:55.951Z,28.598,11.788,108888.73347786558,-264166.94944010855,A320,85900,POSSIBLE,"high altitude with temporally close, stable neighbors"
4444185,117462,2026-09-27T09:44:10.921Z,440607,AUA962D,4444109,28400,2026-09-27T09:43:48.529Z,56775,4444265,27600,2026-09-27T09:44:32.569Z,22.392,21.648,76031.61843515541,-80861.9733924612,A320,118800,POSSIBLE,"high altitude with temporally close, stable neighbors"
4445685,117462,2026-09-27T09:50:43.320Z,440607,AUA962D,4445595,15725,2026-09-27T09:50:21.888Z,55000,4445773,14825,2026-09-27T09:51:04.699Z,21.432,21.379,109952.40761478162,-112750.83025398756,A320,118800,POSSIBLE,"high altitude with temporally close, stable neighbors"
4446807,117463,2026-09-27T09:55:32.639Z,4D223B,RYR68AG,4446724,59900,2026-09-27T09:55:10.680Z,73400,4446893,58575,2026-09-27T09:55:53.881Z,21.959,21.242,36886.92563413634,-41874.58808021844,B738,73400,POSSIBLE,"high altitude with temporally close, stable neighbors"
4445529,117467,2026-09-27T09:50:02.963Z,48E8F9,JDI24W,4445446,22900,2026-09-27T09:49:41.445Z,102600,4445613,22900,2026-09-27T09:50:23.042Z,21.518,20.079,222232.54949344732,-238159.2708800239,E550,102600,POSSIBLE,"high altitude with temporally close, stable neighbors"
4447408,117467,2026-09-27T09:58:03.443Z,48E8F9,JDI24W,4447321,40000,2026-09-27T09:57:38.060Z,87600,4447498,40000,2026-09-27T09:58:21.094Z,25.383,17.651,112516.25103415672,-161803.8638037505,E550,102600,POSSIBLE,"high altitude with temporally close, stable neighbors"
4445106,117473,2026-09-27T09:48:14.061Z,48E9F0,RYR9834,4445022,50600,2026-09-27T09:47:47.518Z,77800,4445192,50600,2026-09-27T09:48:35.169Z,26.543,21.108,61485.13732434163,-77316.65719158613,B738,110800,POSSIBLE,"high altitude with temporally close, stable neighbors"
4445192,117473,2026-09-27T09:48:35.169Z,48E9F0,RYR9834,4445106,77800,2026-09-27T09:48:14.061Z,50600,4445279,77800,2026-09-27T09:48:58.028Z,21.108,22.859,-77316.65719158613,71394.19922131326,B738,110800,POSSIBLE,"high altitude with temporally close, stable neighbors"
4446053,117473,2026-09-27T09:52:13.519Z,48E9F0,RYR9834,4445965,14700,2026-09-27T09:51:52.105Z,77800,4446141,14700,2026-09-27T09:52:35.687Z,21.414,22.168,176800.22415242365,-170786.71959581377,B738,110800,POSSIBLE,"high altitude with temporally close, stable neighbors"
4446462,117473,2026-09-27T09:54:02.363Z,48E9F0,RYR9834,4446381,50600,2026-09-27T09:53:40.161Z,77800,4446548,50600,2026-09-27T09:54:23.553Z,22.202,21.19,73506.89127105667,-77017.46106654081,B738,110800,POSSIBLE,"high altitude with temporally close, stable neighbors"
4446548,117473,2026-09-27T09:54:23.553Z,48E9F0,RYR9834,4446462,77800,2026-09-27T09:54:02.363Z,50600,4446625,77800,2026-09-27T09:54:45.940Z,21.19,22.387,-77017.46106654081,72899.45057399383,B738,110800,POSSIBLE,"high altitude with temporally close, stable neighbors"
4446625,117473,2026-09-27T09:54:45.940Z,48E9F0,RYR9834,4446548,50600,2026-09-27T09:54:23.553Z,77800,4446709,50600,2026-09-27T09:55:07.012Z,22.387,21.072,72899.45057399383,-77448.74715261959,B738,110800,POSSIBLE,"high altitude with temporally close, stable neighbors"
4447235,117473,2026-09-27T09:57:18.424Z,48E9F0,RYR9834,4447145,25000,2026-09-27T09:56:56.713Z,77800,4447325,25000,2026-09-27T09:57:37.290Z,21.711,18.866,145916.8163603703,-167921.1279550514,B738,110800,POSSIBLE,"high altitude with temporally close, stable neighbors"
4447588,117473,2026-09-27T09:58:47.442Z,48E9F0,RYR9834,4447503,14700,2026-09-27T09:58:25.081Z,110800,4447672,14700,2026-09-27T09:59:09.237Z,22.361,21.795,257859.66638343545,-264556.0908465244,B738,110800,POSSIBLE,"high altitude with temporally close, stable neighbors"
4446790,117476,2026-09-27T09:55:29.280Z,471F69,WZZ9YC,4446705,29900,2026-09-27T09:55:06.721Z,79975,4446874,29200,2026-09-27T09:55:50.876Z,22.559,21.596,133184.09503967373,-141067.79033154287,A321,79975,POSSIBLE,"high altitude with temporally close, stable neighbors"
4449387,117481,2026-09-27T10:06:28.025Z,48C2B7,RYR5XD,4449300,38000,2026-09-27T10:05:20.223Z,53800,4449471,38000,2026-09-27T10:06:49.175Z,67.802,21.15,13981.888439869032,-44822.695035460994,B38M,99500,POSSIBLE,"high altitude with temporally close, stable neighbors"
4448420,117483,2026-09-27T10:02:22.783Z,AA69EE,N770KF,4448336,82600,2026-09-27T10:02:00.450Z,56300,4448508,82600,2026-09-27T10:02:43.973Z,22.333,21.19,-70657.77101150763,74469.08919301556,GL6T,82675,POSSIBLE,"high altitude with temporally close, stable neighbors"
4445789,117487,2026-09-27T09:51:05.330Z,896707,UAE44,4445700,30700,2026-09-27T09:50:46.596Z,79000,4445874,30700,2026-09-27T09:51:30.205Z,18.734,24.875,154692.0038432796,-116502.51256281407,A359,93800,POSSIBLE,"high altitude with temporally close, stable neighbors"
4447750,117487,2026-09-27T09:59:30.562Z,896707,UAE44,4447661,30700,2026-09-27T09:59:08.646Z,79000,4447838,30700,2026-09-27T09:59:52.814Z,21.916,22.252,132232.15915313014,-130235.48445083588,A359,93800,POSSIBLE,"high altitude with temporally close, stable neighbors"
4448008,117487,2026-09-27T10:00:36.590Z,896707,UAE44,4447917,30700,2026-09-27T10:00:14.199Z,79000,4448092,30700,2026-09-27T10:00:58.296Z,22.391,21.706,129427.00192041446,-133511.47148253937,A359,93800,POSSIBLE,"high altitude with temporally close, stable neighbors"
4449031,117487,2026-09-27T10:04:58.459Z,896707,UAE44,4448948,79000,2026-09-27T10:04:35.441Z,93800,4449114,79000,2026-09-27T10:05:19.594Z,23.018,21.135,38578.50377965071,-42015.61391057487,A359,93800,POSSIBLE,"high altitude with temporally close, stable neighbors"
4449367,117487,2026-09-27T10:06:25.681Z,896707,UAE44,4449282,79000,2026-09-27T10:06:02.466Z,93800,4449453,79000,2026-09-27T10:06:47.278Z,23.215,21.597,38251.130734438935,-41116.82178080289,A359,93800,POSSIBLE,"high altitude with temporally close, stable neighbors"
4449453,117487,2026-09-27T10:06:47.278Z,896707,UAE44,4449367,93800,2026-09-27T10:06:25.681Z,79000,4449537,93800,2026-09-27T10:07:09.095Z,21.597,21.817,-41116.82178080289,40702.20470275474,A359,93800,POSSIBLE,"high altitude with temporally close, stable neighbors"
4446603,117489,2026-09-27T09:54:42.886Z,44008F,AUA33YZ,4446524,10550,2026-09-27T09:54:19.168Z,73800,4446687,9475,2026-09-27T09:55:03.612Z,23.718,20.726,160005.05944852013,-186215.38164624144,A320,90600,POSSIBLE,"high altitude with temporally close, stable neighbors"
4445436,117494,2026-09-27T09:49:38.406Z,48AD83,LOT1AL,4445353,33000,2026-09-27T09:48:54.366Z,110700,4445518,33000,2026-09-27T09:49:59.209Z,44.04,20.803,105858.310626703,-224102.29293851848,E190,118800,POSSIBLE,"high altitude with temporally close, stable neighbors"
4446716,117494,2026-09-27T09:55:06.830Z,48AD83,LOT1AL,4446632,30750,2026-09-27T09:54:45.500Z,93975,4446801,30200,2026-09-27T09:55:29.088Z,21.33,22.258,177848.1012658228,-171915.71569772667,E190,118800,POSSIBLE,"high altitude with temporally close, stable neighbors"
4446884,117494,2026-09-27T09:55:51.231Z,48AD83,LOT1AL,4446801,30200,2026-09-27T09:55:29.088Z,86375,4446973,29675,2026-09-27T09:56:12.257Z,22.143,21.026,152215.14699905162,-161799.67659088748,E190,118800,POSSIBLE,"high altitude with temporally close, stable neighbors"
4447196,117496,2026-09-27T09:57:06.325Z,4CAC8E,SAS7754,4447105,36025,2026-09-27T09:56:43.660Z,80600,4447285,36000,2026-09-27T09:57:28.064Z,22.665,21.739,118001.32362673727,-123096.73858043148,A20N,80775,POSSIBLE,"high altitude with temporally close, stable neighbors"
4448165,117499,2026-09-27T10:01:16.869Z,471D6B,WZZ53,4448076,39600,2026-09-27T10:00:54.408Z,68400,4448248,39600,2026-09-27T10:01:38.846Z,22.461,21.977,76933.35114197942,-78627.65618601265,A21N,85900,POSSIBLE,"high altitude with temporally close, stable neighbors"
4448416,117499,2026-09-27T10:02:21.449Z,471D6B,WZZ53,4448331,34000,2026-09-27T10:02:00.260Z,85900,4448504,34000,2026-09-27T10:02:43.377Z,21.189,21.928,146963.04686393883,-142010.2152499088,A21N,85900,POSSIBLE,"high altitude with temporally close, stable neighbors"
4447475,117507,2026-09-27T09:58:19.182Z,489223,ENT7559,4447388,66600,2026-09-27T09:57:56.925Z,110700,4447560,66600,2026-09-27T09:58:40.947Z,22.257,21.765,118883.94662353417,-121571.33011716057,B738,110700,POSSIBLE,"high altitude with temporally close, stable neighbors"
4449121,117509,2026-09-27T10:05:19.485Z,4CA6A9,RYR6ZU,4449038,28000,2026-09-27T10:04:58.568Z,56800,4449203,27975,2026-09-27T10:05:41.798Z,20.917,22.313,82612.22928718266,-77510.86810379599,B738,74600,POSSIBLE,"high altitude with temporally close, stable neighbors"
4447335,117514,2026-09-27T09:57:43.927Z,738056,ELY238,4447245,66600,2026-09-27T09:57:17.345Z,79700,4447425,66600,2026-09-27T09:57:57.255Z,26.582,13.328,29568.881197803024,-58973.58943577432,B739,79700,POSSIBLE,"high altitude with temporally close, stable neighbors"
4447598,117514,2026-09-27T09:58:50.418Z,738056,ELY238,4447512,33000,2026-09-27T09:58:26.953Z,79700,4447681,33000,2026-09-27T09:59:10.703Z,23.465,20.285,119411.89004900916,-138131.62435297016,B739,79700,POSSIBLE,"high altitude with temporally close, stable neighbors"
4448029,117514,2026-09-27T10:00:39.268Z,738056,ELY238,4447945,66600,2026-09-27T09:59:32.635Z,79700,4448112,66600,2026-09-27T10:01:00.998Z,66.633,21.73,11795.956958263923,-36171.19190059825,B739,79700,POSSIBLE,"high altitude with temporally close, stable neighbors"
4448496,117523,2026-09-27T10:02:41.383Z,4D226B,RYR40NP,4448407,76400,2026-09-27T10:02:18.960Z,118700,4448584,76400,2026-09-27T10:03:03.143Z,22.423,21.76,113187.3522722205,-116636.0294117647,B738,118700,POSSIBLE,"high altitude with temporally close, stable neighbors"
4449945,117523,2026-09-27T10:08:51.850Z,4D226B,RYR40NP,4449854,76400,2026-09-27T10:08:29.514Z,118700,4450031,76400,2026-09-27T10:09:13.726Z,22.336,21.876,113628.223495702,-116017.55348326934,B738,118700,POSSIBLE,"high altitude with temporally close, stable neighbors"
4447296,117524,2026-09-27T09:57:34.153Z,48418B,KLM64A,4447208,28575,2026-09-27T09:57:10.710Z,73175,4447385,29525,2026-09-27T09:57:57.388Z,23.443,23.235,114149.21298468627,-112717.88250484184,B739,93175,POSSIBLE,"high altitude with temporally close, stable neighbors"
4447559,117524,2026-09-27T09:58:41.084Z,48418B,KLM64A,4447471,29950,2026-09-27T09:58:19.072Z,93175,4447640,30650,2026-09-27T09:58:58.290Z,22.012,17.206,172337.8157368708,-218034.40660234803,B739,93175,POSSIBLE,"high altitude with temporally close, stable neighbors"
4448822,117530,2026-09-27T10:03:59.067Z,471F8E,WZZ292,4448738,110700,2026-09-27T10:03:37.608Z,66600,4448905,110700,2026-09-27T10:04:21.326Z,21.459,22.259,-123304.90703201453,118873.26474684397,A320,110700,POSSIBLE,"high altitude with temporally close, stable neighbors"
4449149,117530,2026-09-27T10:05:26.615Z,471F8E,WZZ292,4449067,14800,2026-09-27T10:05:04.112Z,79700,4449231,14800,2026-09-27T10:05:47.857Z,22.503,21.242,173043.5941874417,-183316.071932963,A320,110700,POSSIBLE,"high altitude with temporally close, stable neighbors"
4449484,117531,2026-09-27T10:06:53.671Z,4D2383,RYR8CN,4449399,22600,2026-09-27T10:06:31.715Z,68400,4449566,22600,2026-09-27T10:07:15.348Z,21.956,21.677,125159.40972854801,-126770.30954467869,B38M,85900,POSSIBLE,"high altitude with temporally close, stable neighbors"
4449650,117531,2026-09-27T10:07:37.005Z,4D2383,RYR8CN,4449566,22600,2026-09-27T10:07:15.348Z,68400,4449737,22600,2026-09-27T10:07:59.230Z,21.657,22.225,126887.38052361824,-123644.54443194601,B38M,85900,POSSIBLE,"high altitude with temporally close, stable neighbors"
4450571,117531,2026-09-27T10:11:36.515Z,4D2383,RYR8CN,4450492,22600,2026-09-27T10:11:15.238Z,68400,4450650,22600,2026-09-27T10:11:59.233Z,21.277,22.718,129153.54608262442,-120961.35223171054,B38M,85900,POSSIBLE,"high altitude with temporally close, stable neighbors"
4449408,117534,2026-09-27T10:06:33.958Z,48C2A1,RYR4VA,4449320,14800,2026-09-27T10:06:13.065Z,66600,4449493,14800,2026-09-27T10:06:56.647Z,20.893,22.689,148757.95721054898,-136982.67883115166,B38M,85800,POSSIBLE,"high altitude with temporally close, stable neighbors"
4449577,117534,2026-09-27T10:07:17.646Z,48C2A1,RYR4VA,4449493,14800,2026-09-27T10:06:56.647Z,66600,4449661,14800,2026-09-27T10:07:40.116Z,20.999,22.47,148007.0479546645,-138317.7570093458,B38M,85800,POSSIBLE,"high altitude with temporally close, stable neighbors"
4447600,117539,2026-09-27T09:58:50.418Z,06A129,QTR73V,4447514,79000,2026-09-27T09:58:26.956Z,94800,4447684,79000,2026-09-27T09:59:11.365Z,23.462,20.947,40405.76250958997,-45257.07738578317,A35K,95700,POSSIBLE,"high altitude with temporally close, stable neighbors"
4447684,117539,2026-09-27T09:59:11.365Z,06A129,QTR73V,4447600,94800,2026-09-27T09:58:50.418Z,79000,4447772,94800,2026-09-27T09:59:34.276Z,20.947,22.911,-45257.07738578317,41377.50425559775,A35K,95700,POSSIBLE,"high altitude with temporally close, stable neighbors"
4448630,117539,2026-09-27T10:03:12.402Z,06A129,QTR73V,4448546,79000,2026-09-27T10:02:49.444Z,94800,4448712,79000,2026-09-27T10:03:33.917Z,22.958,21.515,41292.79553968116,-44062.282128747385,A35K,95700,POSSIBLE,"high altitude with temporally close, stable neighbors"
4449467,117539,2026-09-27T10:06:50.390Z,06A129,QTR73V,4449378,30700,2026-09-27T10:06:28.844Z,93800,4449550,30700,2026-09-27T10:07:11.568Z,21.546,21.178,175717.07045391257,-178770.42213617906,A35K,95700,POSSIBLE,"high altitude with temporally close, stable neighbors"
4450326,117539,2026-09-27T10:10:28.003Z,06A129,QTR73V,4450249,79000,2026-09-27T10:10:06.321Z,93800,4450405,79000,2026-09-27T10:10:49.789Z,21.682,21.786,40955.631399317404,-40760.12117873864,A35K,95700,POSSIBLE,"high altitude with temporally close, stable neighbors"
4450724,117539,2026-09-27T10:12:17.610Z,06A129,QTR73V,4450642,93800,2026-09-27T10:11:56.012Z,79000,4450804,93800,2026-09-27T10:12:39.701Z,21.598,22.091,-41114.9180479674,40197.365442940565,A35K,95700,POSSIBLE,"high altitude with temporally close, stable neighbors"
4450804,117539,2026-09-27T10:12:39.701Z,06A129,QTR73V,4450724,79000,2026-09-27T10:12:17.610Z,93800,4450886,79000,2026-09-27T10:13:01.603Z,22.091,21.902,40197.365442940565,-40544.242534928315,A35K,95700,POSSIBLE,"high altitude with temporally close, stable neighbors"
4449607,117540,2026-09-27T10:07:27.857Z,4A2182,HLJ3AP,4449524,29050,2026-09-27T10:07:05.217Z,59900,4449696,29875,2026-09-27T10:07:49.728Z,22.64,21.871,81757.95053003533,-82369.34753783549,B738,102600,POSSIBLE,"high altitude with temporally close, stable neighbors"
4448588,117542,2026-09-27T10:03:03.585Z,471E60,WMT9ZR,4448500,85900,2026-09-27T10:02:41.548Z,68375,4448673,85900,2026-09-27T10:03:25.211Z,22.037,21.626,-47715.20624404411,48622.02903911958,,102900,POSSIBLE,"high altitude with temporally close, stable neighbors"
4449425,117542,2026-09-27T10:06:41.078Z,471E60,WMT9ZR,4449339,68400,2026-09-27T10:06:18.714Z,85900,4449510,68400,2026-09-27T10:07:02.763Z,22.364,21.685,46950.45609014487,-48420.56721235877,,102900,POSSIBLE,"high altitude with temporally close, stable neighbors"
4451993,117542,2026-09-27T10:17:36.409Z,471E60,WMT9ZR,4451905,22600,2026-09-27T10:17:14.928Z,102900,4452082,22600,2026-09-27T10:17:58.210Z,21.481,21.801,224291.2341138681,-220999.03674143387,,102900,POSSIBLE,"high altitude with temporally close, stable neighbors"
4452752,117542,2026-09-27T10:20:52.779Z,471E60,WMT9ZR,4452671,102900,2026-09-27T10:20:30.961Z,68400,4452831,102900,2026-09-27T10:21:14.516Z,21.818,21.737,-94875.7906315886,95229.33247458251,,102900,POSSIBLE,"high altitude with temporally close, stable neighbors"
4452831,117542,2026-09-27T10:21:14.516Z,471E60,WMT9ZR,4452752,68400,2026-09-27T10:20:52.779Z,102900,4452904,68400,2026-09-27T10:21:35.881Z,21.737,21.365,95229.33247458251,-96887.43271706063,,102900,POSSIBLE,"high altitude with temporally close, stable neighbors"
4453591,117542,2026-09-27T10:24:50.865Z,471E60,WMT9ZR,4453515,22600,2026-09-27T10:24:29.538Z,68425,4453662,22600,2026-09-27T10:25:13.286Z,21.327,22.421,128921.08594739063,-122630.5695553276,,102900,POSSIBLE,"high altitude with temporally close, stable neighbors"
4449161,117545,2026-09-27T10:05:32.621Z,86D5B6,ANA222,4449079,37000,2026-09-27T10:04:39.645Z,94600,4449243,37000,2026-09-27T10:05:54.493Z,52.976,21.872,65237.08849290245,-158010.24140453548,B788,94700,POSSIBLE,"high altitude with temporally close, stable neighbors"
4449585,117545,2026-09-27T10:07:21.168Z,86D5B6,ANA222,4449503,37000,2026-09-27T10:06:58.722Z,94600,4449673,37000,2026-09-27T10:07:29.352Z,22.446,8.184,153969.52686447476,-422287.39002932556,B788,94700,POSSIBLE,"high altitude with temporally close, stable neighbors"
4448232,117546,2026-09-27T10:01:31.340Z,3C66B5,OCN2RM,4448148,25875,2026-09-27T10:01:10.505Z,51925,4448398,25500,2026-09-27T10:01:33.926Z,20.835,2.586,75017.99856011519,-613109.0487238979,A320,92775,POSSIBLE,"high altitude with temporally close, stable neighbors"
4448625,117547,2026-09-27T10:02:49.980Z,4BC885,PGT44AN,4448538,68400,2026-09-27T10:02:44.745Z,102900,4448709,68400,2026-09-27T10:03:28.019Z,5.235,38.039,395415.4727793697,-54417.8343279266,A321,102900,POSSIBLE,"high altitude with temporally close, stable neighbors"
4449041,117547,2026-09-27T10:04:58.596Z,4BC885,PGT44AN,4448959,68400,2026-09-27T10:04:35.440Z,102900,4449123,68400,2026-09-27T10:05:17.303Z,23.156,18.707,89393.67766453618,-110653.76596995776,A321,102900,POSSIBLE,"high altitude with temporally close, stable neighbors"
4448549,117549,2026-09-27T10:02:50.691Z,502CCF,BTI9RG,4448460,22600,2026-09-27T10:02:29.015Z,68400,4448636,22600,2026-09-27T10:03:12.778Z,21.676,22.087,126776.15796272375,-124417.07791913796,BCS3,102900,POSSIBLE,"high altitude with temporally close, stable neighbors"
4449134,117549,2026-09-27T10:05:23.147Z,502CCF,BTI9RG,4449051,102900,2026-09-27T10:05:01.330Z,68400,4449217,102900,2026-09-27T10:05:45.239Z,21.817,22.092,-94880.13934088097,93699.07658881042,BCS3,102900,POSSIBLE,"high altitude with temporally close, stable neighbors"
4448226,117555,2026-09-27T10:01:29.781Z,06A11E,QTR35P,4448141,79000,2026-09-27T10:01:07.177Z,94800,4448309,79000,2026-09-27T10:01:51.681Z,22.604,21.9,41939.47973809946,-43287.67123287671,A35K,94800,POSSIBLE,"high altitude with temporally close, stable neighbors"
4448309,117555,2026-09-27T10:01:51.681Z,06A11E,QTR35P,4448226,94800,2026-09-27T10:01:29.781Z,79000,4448393,94800,2026-09-27T10:02:13.199Z,21.9,21.518,-43287.67123287671,44056.13904637977,A35K,94800,POSSIBLE,"high altitude with temporally close, stable neighbors"
4448393,117555,2026-09-27T10:02:13.199Z,06A11E,QTR35P,4448309,79000,2026-09-27T10:01:51.681Z,94800,4448483,79000,2026-09-27T10:02:35.055Z,21.518,21.856,44056.13904637977,-43374.81698389458,A35K,94800,POSSIBLE,"high altitude with temporally close, stable neighbors"
4448483,117555,2026-09-27T10:02:35.055Z,06A11E,QTR35P,4448393,94800,2026-09-27T10:02:13.199Z,79000,4448567,94800,2026-09-27T10:02:57.193Z,21.856,22.138,-43374.81698389458,42822.29650374921,A35K,94800,POSSIBLE,"high altitude with temporally close, stable neighbors"
4448567,117555,2026-09-27T10:02:57.193Z,06A11E,QTR35P,4448483,79000,2026-09-27T10:02:35.055Z,94800,4448653,79000,2026-09-27T10:03:18.845Z,22.138,21.652,42822.29650374921,-43783.48420469241,A35K,94800,POSSIBLE,"high altitude with temporally close, stable neighbors"
4448653,117555,2026-09-27T10:03:18.845Z,06A11E,QTR35P,4448567,94800,2026-09-27T10:02:57.193Z,79000,4448739,94800,2026-09-27T10:03:40.500Z,21.652,21.655,-43783.48420469241,43777.41861002078,A35K,94800,POSSIBLE,"high altitude with temporally close, stable neighbors"
4448739,117555,2026-09-27T10:03:40.500Z,06A11E,QTR35P,4448653,79000,2026-09-27T10:03:18.845Z,94800,4448826,79000,2026-09-27T10:04:00.956Z,21.655,20.456,43777.41861002078,-46343.37113805241,A35K,94800,POSSIBLE,"high altitude with temporally close, stable neighbors"
4450187,117555,2026-09-27T10:09:51.191Z,06A11E,QTR35P,4450100,93800,2026-09-27T10:09:29.479Z,79000,4450270,93800,2026-09-27T10:10:13.200Z,21.712,22.009,-40899.04200442152,40347.13071925121,A35K,94800,POSSIBLE,"high altitude with temporally close, stable neighbors"
4451966,117555,2026-09-27T10:17:27.157Z,06A11E,QTR35P,4451878,93800,2026-09-27T10:17:08.228Z,79000,4452053,93800,2026-09-27T10:17:52.225Z,18.929,25.068,-46912.1453853875,35423.647678314985,A35K,94800,POSSIBLE,"high altitude with temporally close, stable neighbors"
4452053,117555,2026-09-27T10:17:52.225Z,06A11E,QTR35P,4451966,79000,2026-09-27T10:17:27.157Z,93800,4452139,79000,2026-09-27T10:18:12.690Z,25.068,20.465,35423.647678314985,-43391.155631566086,A35K,94800,POSSIBLE,"high altitude with temporally close, stable neighbors"
4452309,117555,2026-09-27T10:18:57.105Z,06A11E,QTR35P,4452228,39000,2026-09-27T10:18:33.846Z,93800,4452391,39000,2026-09-27T10:19:18.900Z,23.259,21.795,141364.63304527279,-150860.28905712318,A35K,94800,POSSIBLE,"high altitude with temporally close, stable neighbors"
4448475,117558,2026-09-27T10:02:32.071Z,48C22F,RYR7AK,4448389,55000,2026-09-27T10:02:09.450Z,94900,4448562,55000,2026-09-27T10:02:53.777Z,22.621,21.706,105830.86512532602,-110292.08513774992,B738,114900,POSSIBLE,"high altitude with temporally close, stable neighbors"
4448731,117558,2026-09-27T10:03:37.060Z,48C22F,RYR7AK,4448646,27000,2026-09-27T10:03:15.676Z,55000,4448821,27000,2026-09-27T10:03:58.193Z,21.384,21.133,78563.41189674524,-79496.5220271613,B738,114900,POSSIBLE,"high altitude with temporally close, stable neighbors"
4449485,117558,2026-09-27T10:06:52.325Z,48C22F,RYR7AK,4449401,27375,2026-09-27T10:06:31.225Z,56775,4449568,28525,2026-09-27T10:07:15.375Z,21.1,23.05,83601.89573459716,-73535.7917570499,B738,114900,POSSIBLE,"high altitude with temporally close, stable neighbors"
4449654,117558,2026-09-27T10:07:36.515Z,48C22F,RYR7AK,4449568,28525,2026-09-27T10:07:15.375Z,58650,4449741,29500,2026-09-27T10:07:57.840Z,21.14,21.325,85501.41911069064,-82016.41266119578,B738,114900,POSSIBLE,"high altitude with temporally close, stable neighbors"
4448467,117561,2026-09-27T10:02:32.248Z,8966A9,ETD44,4448382,66600,2026-09-27T10:02:10.390Z,110700,4448556,66600,2026-09-27T10:02:53.858Z,21.858,21.61,121054.07631073291,-122443.31328088847,A21N,110700,POSSIBLE,"high altitude with temporally close, stable neighbors"
4448726,117561,2026-09-27T10:03:37.525Z,8966A9,ETD44,4448643,66600,2026-09-27T10:03:15.703Z,110700,4448814,66600,2026-09-27T10:03:58.494Z,21.822,20.969,121253.78058839703,-126186.27497734752,A21N,110700,POSSIBLE,"high altitude with temporally close, stable neighbors"
4450003,117561,2026-09-27T10:09:04.712Z,8966A9,ETD44,4449913,66575,2026-09-27T10:08:42.135Z,110700,4450089,66600,2026-09-27T10:09:26.178Z,22.577,21.466,117265.35855073747,-123264.69766141805,A21N,110700,POSSIBLE,"high altitude with temporally close, stable neighbors"
4450262,117561,2026-09-27T10:10:09.948Z,8966A9,ETD44,4450175,66600,2026-09-27T10:09:47.938Z,110700,4450339,66625,2026-09-27T10:10:30.268Z,22.01,20.32,120218.0826896865,-130142.71653543306,A21N,110700,POSSIBLE,"high altitude with temporally close, stable neighbors"
4451436,117561,2026-09-27T10:15:19.228Z,8966A9,ETD44,4451342,66600,2026-09-27T10:14:57.356Z,79700,4451526,66600,2026-09-27T10:15:41.417Z,21.872,22.189,35936.35698610095,-35422.95732119519,A21N,110700,POSSIBLE,"high altitude with temporally close, stable neighbors"
4451797,117561,2026-09-27T10:16:47.130Z,8966A9,ETD44,4451705,66575,2026-09-27T10:16:24.955Z,79700,4451884,66600,2026-09-27T10:17:07.260Z,22.175,20.13,35512.96505073281,-39046.1997019374,A21N,110700,POSSIBLE,"high altitude with temporally close, stable neighbors"
4449244,117562,2026-09-27T10:05:54.602Z,400D5B,BAW864,4449160,74600,2026-09-27T10:05:29.617Z,98200,4449328,74600,2026-09-27T10:06:16.341Z,24.985,21.739,56674.004402641585,-65136.39081834491,A319,98775,POSSIBLE,"high altitude with temporally close, stable neighbors"
4449932,117564,2026-09-27T10:08:36.294Z,49D4AF,AAO25,4449841,27750,2026-09-27T10:08:25.332Z,55150,4450020,26625,2026-09-27T10:09:09.169Z,10.962,32.875,149972.63273125343,-52060.83650190113,C25A,93575,POSSIBLE,"high altitude with temporally close, stable neighbors"
4449570,117569,2026-09-27T10:07:15.324Z,4CAD97,SAS7654,4449487,9800,2026-09-27T10:06:53.671Z,76400,4449653,9800,2026-09-27T10:07:36.761Z,21.653,21.437,184547.17591095922,-186406.68003918458,A20N,118700,POSSIBLE,"high altitude with temporally close, stable neighbors"
4450652,117569,2026-09-27T10:11:58.577Z,4CAD97,SAS7654,4450574,6800,2026-09-27T10:11:36.841Z,76400,4450735,6800,2026-09-27T10:12:20.833Z,21.736,22.256,192123.66580787633,-187634.79511143063,A20N,118700,POSSIBLE,"high altitude with temporally close, stable neighbors"
4451077,117569,2026-09-27T10:13:52.392Z,4CAD97,SAS7654,4450993,76400,2026-09-27T10:13:30.598Z,118700,4451165,76425,2026-09-27T10:14:13.773Z,21.794,21.381,116454.06992750298,-118633.36607268135,A20N,118700,POSSIBLE,"high altitude with temporally close, stable neighbors"
4452061,117574,2026-09-27T10:17:35.570Z,49D04D,TVP7707,4451973,74675,2026-09-27T10:17:29.019Z,92700,4452146,73200,2026-09-27T10:18:12.616Z,6.551,37.046,165089.29934361167,-31582.35706958916,B738,92700,POSSIBLE,"high altitude with temporally close, stable neighbors"
4449984,117577,2026-09-27T10:09:00.840Z,06A2E9,QTR64P,4449894,30700,2026-09-27T10:08:39.064Z,78175,4450071,30700,2026-09-27T10:09:23.421Z,21.776,22.581,130809.14768552536,-126145.87485053805,B789,95700,POSSIBLE,"high altitude with temporally close, stable neighbors"
4451053,117577,2026-09-27T10:13:45.726Z,06A2E9,QTR64P,4450967,79000,2026-09-27T10:13:24.454Z,93800,4451141,78175,2026-09-27T10:14:03.752Z,21.272,18.026,41745.016923655516,-52008.210362809274,B789,95700,POSSIBLE,"high altitude with temporally close, stable neighbors"
4451853,117577,2026-09-27T10:17:01.734Z,06A2E9,QTR64P,4451764,24275,2026-09-27T10:16:40.685Z,79000,4451940,24275,2026-09-27T10:17:23.855Z,21.049,22.121,155993.15881989643,-148433.61511685728,B789,95700,POSSIBLE,"high altitude with temporally close, stable neighbors"
4452448,117577,2026-09-27T10:19:33.421Z,06A2E9,QTR64P,4452367,78175,2026-09-27T10:19:06.018Z,93800,4452534,78175,2026-09-27T10:19:56.448Z,27.403,23.027,34211.58267342992,-40713.0759543145,B789,95700,POSSIBLE,"high altitude with temporally close, stable neighbors"
4452619,117577,2026-09-27T10:20:18.343Z,06A2E9,QTR64P,4452534,78175,2026-09-27T10:19:56.448Z,95700,4452706,79000,2026-09-27T10:20:39.756Z,21.895,21.413,48024.66316510619,-46794.00364264699,B789,95700,POSSIBLE,"high altitude with temporally close, stable neighbors"
4452947,117577,2026-09-27T10:21:31.401Z,06A2E9,QTR64P,4452869,79000,2026-09-27T10:21:22.055Z,95700,4453025,79000,2026-09-27T10:21:54.957Z,9.346,23.556,107211.64134389044,-42536.93326541009,B789,95700,POSSIBLE,"high altitude with temporally close, stable neighbors"
4449754,117579,2026-09-27T10:08:04.614Z,471EFE,WZZ61TX,4449667,34025,2026-09-27T10:07:42.437Z,85900,4449842,34000,2026-09-27T10:08:23.290Z,22.177,18.676,140348.10840059523,-166738.05954165774,A321,118800,POSSIBLE,"high altitude with temporally close, stable neighbors"
4452366,117581,2026-09-27T10:19:12.672Z,49D00D,TVP7707,4452285,22600,2026-09-27T10:18:51.372Z,68400,4452450,22600,2026-09-27T10:19:34.983Z,21.3,22.311,129014.08450704227,-123167.94406346645,B738,102900,POSSIBLE,"high altitude with temporally close, stable neighbors"
4452866,117581,2026-09-27T10:21:23.879Z,49D00D,TVP7707,4452786,68400,2026-09-27T10:21:01.956Z,102900,4452944,68400,2026-09-27T10:21:44.791Z,21.923,20.912,94421.38393468047,-98986.22800306045,B738,102900,POSSIBLE,"high altitude with temporally close, stable neighbors"
4450970,117585,2026-09-27T10:13:24.291Z,4BAB2F,THY6RP,4450885,34000,2026-09-27T10:12:58.298Z,85900,4451056,34000,2026-09-27T10:13:35.297Z,25.993,11.006,119801.48501519639,-282936.58004724694,B739,85900,POSSIBLE,"high altitude with temporally close, stable neighbors"
4451851,117585,2026-09-27T10:17:02.417Z,4BAB2F,THY6RP,4451762,34000,2026-09-27T10:16:17.197Z,85900,4451936,34000,2026-09-27T10:17:22.742Z,45.22,20.325,68863.33480760724,-153210.33210332104,B739,85900,POSSIBLE,"high altitude with temporally close, stable neighbors"
4450815,117589,2026-09-27T10:12:42.105Z,8960E7,UAE52M,4450733,40000,2026-09-27T10:12:20.273Z,87600,4450900,40000,2026-09-27T10:13:04.947Z,21.832,22.842,130817.14913887871,-125032.83425269241,A388,87600,POSSIBLE,"high altitude with temporally close, stable neighbors"
4452643,117589,2026-09-27T10:20:23.945Z,8960E7,UAE52M,4452557,22900,2026-09-27T10:20:02.505Z,87600,4452726,22900,2026-09-27T10:20:45.709Z,21.44,21.764,181063.4328358209,-178367.94706855356,A388,87600,POSSIBLE,"high altitude with temporally close, stable neighbors"
4450223,117591,2026-09-27T10:10:00.718Z,8964A1,UAE32E,4450138,68400,2026-09-27T10:09:35.159Z,102900,4450305,68400,2026-09-27T10:10:20.947Z,25.559,20.229,80989.08407997183,-102328.34050126057,B77W,102900,POSSIBLE,"high altitude with temporally close, stable neighbors"
4451922,117595,2026-09-27T10:17:18.068Z,4D24B6,HYS408,4451833,39000,2026-09-27T10:16:54.932Z,94800,4452010,39000,2026-09-27T10:17:38.524Z,23.136,20.456,144709.54356846472,-163668.3613609699,B738,94800,POSSIBLE,"high altitude with temporally close, stable neighbors"
4449874,117598,2026-09-27T10:08:33.532Z,4D2146,WMT8585,4449786,68400,2026-09-27T10:07:48.079Z,85900,4449964,68400,2026-09-27T10:08:54.596Z,45.453,21.064,23100.78542670451,-49848.08203570072,CL61,85900,POSSIBLE,"high altitude with temporally close, stable neighbors"
4453975,117598,2026-09-27T10:26:41.896Z,4D2146,WMT8585,4453899,85900,2026-09-27T10:26:21.663Z,68400,4454046,85900,2026-09-27T10:27:05.188Z,20.233,23.292,-51895.418375920526,45079.855744461616,CL61,85900,POSSIBLE,"high altitude with temporally close, stable neighbors"
4449876,117599,2026-09-27T10:08:36.292Z,AB7ECE,TWY303,4449788,40000,2026-09-27T10:07:52.106Z,101900,4449969,40000,2026-09-27T10:08:39.049Z,44.186,2.757,84053.77268818177,-1347116.4309031556,F2LX,101900,POSSIBLE,"high altitude with temporally close, stable neighbors"
4452604,117599,2026-09-27T10:20:15.097Z,AB7ECE,TWY303,4452518,40000,2026-09-27T10:19:49.999Z,87600,4452693,40000,2026-09-27T10:20:23.586Z,25.098,8.489,113793.9278030122,-336435.38697137474,F2LX,101900,POSSIBLE,"high altitude with temporally close, stable neighbors"
4452195,117600,2026-09-27T10:18:25.062Z,4BD183,CAI5A,4452109,2900,2026-09-27T10:18:04.458Z,64850,4452279,2900,2026-09-27T10:18:48.286Z,20.604,23.224,180401.86371578334,-160049.9483293145,B734,67600,POSSIBLE,"high altitude with temporally close, stable neighbors"
4453245,117600,2026-09-27T10:23:08.028Z,4BD183,CAI5A,4453169,2900,2026-09-27T10:22:47.629Z,64850,4453319,2900,2026-09-27T10:23:30.915Z,20.399,22.887,182214.81445168878,-162406.60637042864,B734,67600,POSSIBLE,"high altitude with temporally close, stable neighbors"
4451396,117601,2026-09-27T10:15:09.288Z,899020,CAL062,4451304,29000,2026-09-27T10:14:47.022Z,58600,4451485,29000,2026-09-27T10:15:31.622Z,22.266,22.334,79762.86715171114,-79520.0143279305,B77W,58600,POSSIBLE,"high altitude with temporally close, stable neighbors"
4451573,117601,2026-09-27T10:15:53.717Z,899020,CAL062,4451485,29000,2026-09-27T10:15:31.622Z,58600,4451659,29000,2026-09-27T10:16:15.752Z,22.095,22.035,80380.17651052274,-80599.04697072838,B77W,58600,POSSIBLE,"high altitude with temporally close, stable neighbors"
4453168,117601,2026-09-27T10:22:46.400Z,899020,CAL062,4453092,29000,2026-09-27T10:22:25.839Z,58600,4453243,29000,2026-09-27T10:23:08.847Z,20.561,22.447,86377.12173532415,-79119.70419209695,B77W,58600,POSSIBLE,"high altitude with temporally close, stable neighbors"
4453395,117601,2026-09-27T10:23:48.797Z,899020,CAL062,4453318,29000,2026-09-27T10:23:30.942Z,58600,4453469,29000,2026-09-27T10:24:12.422Z,17.855,23.625,99467.93615233828,-75174.60317460318,B77W,58600,POSSIBLE,"high altitude with temporally close, stable neighbors"
4450839,117606,2026-09-27T10:12:52.050Z,471FAA,WZZ341,4450690,35000,2026-09-27T10:11:04.855Z,62775,4450922,34975,2026-09-27T10:13:10.554Z,107.195,18.504,15546.434068753206,-90142.67185473412,A321,110700,POSSIBLE,"high altitude with temporally close, stable neighbors"
4451357,117612,2026-09-27T10:15:01.042Z,4D200E,WMT886,4451267,36975,2026-09-27T10:14:31.419Z,94700,4451447,36975,2026-09-27T10:15:18.020Z,29.623,16.978,116919.28569017317,-203999.29320296858,A21N,98300,POSSIBLE,"high altitude with temporally close, stable neighbors"
4451660,117615,2026-09-27T10:16:15.670Z,5082A0,CVK7027,4451574,23550,2026-09-27T10:15:53.308Z,126700,4451752,25000,2026-09-27T10:16:35.653Z,22.362,19.983,276764.1534746445,-305359.55562227895,AN12,126700,POSSIBLE,"high altitude with temporally close, stable neighbors"
4452357,117615,2026-09-27T10:19:09.916Z,5082A0,CVK7027,4452275,28225,2026-09-27T10:18:47.385Z,106700,4452440,29675,2026-09-27T10:19:31.547Z,22.531,21.631,208978.74040211266,-213651.70357357498,AN12,126700,POSSIBLE,"high altitude with temporally close, stable neighbors"
4451886,117618,2026-09-27T10:16:53.024Z,440668,AUA18PU,4451798,11550,2026-09-27T10:16:43.329Z,93175,4451974,10750,2026-09-27T10:17:32.147Z,9.695,39.123,505157.2975760702,-126409.01771336554,A320,101000,POSSIBLE,"high altitude with temporally close, stable neighbors"
4451271,117619,2026-09-27T10:14:41.487Z,06A2C7,QTR120,4451186,14800,2026-09-27T10:14:20.652Z,66600,4451361,14800,2026-09-27T10:15:04.263Z,20.835,22.776,149172.06623470123,-136459.43097997893,B77W,79700,POSSIBLE,"high altitude with temporally close, stable neighbors"
4453064,117619,2026-09-27T10:22:19.888Z,06A2C7,QTR120,4452986,66600,2026-09-27T10:21:58.013Z,79700,4453136,66600,2026-09-27T10:22:38.017Z,21.875,18.129,35931.42857142857,-43355.94903193778,B77W,79700,POSSIBLE,"high altitude with temporally close, stable neighbors"
4452264,117620,2026-09-27T10:18:44.331Z,3C66A7,DLH7YW,4452179,31025,2026-09-27T10:18:22.066Z,98600,4452346,30300,2026-09-27T10:19:06.718Z,22.265,22.387,182101.95373905232,-183052.664492786,A320,98675,POSSIBLE,"high altitude with temporally close, stable neighbors"
4452684,117620,2026-09-27T10:20:33.994Z,3C66A7,DLH7YW,4452599,29275,2026-09-27T10:20:12.013Z,58625,4452766,29000,2026-09-27T10:20:55.866Z,21.981,21.872,80114.6444656749,-81268.28822238478,A320,98675,POSSIBLE,"high altitude with temporally close, stable neighbors"
4453455,117620,2026-09-27T10:24:10.460Z,3C66A7,DLH7YW,4453380,27800,2026-09-27T10:23:49.616Z,55400,4453530,26875,2026-09-27T10:24:32.709Z,20.844,22.249,79447.32297063904,-76924.80560924087,A320,98675,POSSIBLE,"high altitude with temporally close, stable neighbors"
4453903,117620,2026-09-27T10:26:21.609Z,3C66A7,DLH7YW,4453827,24775,2026-09-27T10:25:59.979Z,98675,4453970,23750,2026-09-27T10:26:42.990Z,21.63,21.381,204993.06518723996,-210256.7700294654,A320,98675,POSSIBLE,"high altitude with temporally close, stable neighbors"
4451734,117625,2026-09-27T10:16:34.594Z,46B838,AEE2WD,4451641,74575,2026-09-27T10:16:12.091Z,94600,4451824,74600,2026-09-27T10:16:54.994Z,22.503,20.4,53392.880949206774,-58823.5294117647,A21N,98200,POSSIBLE,"high altitude with temporally close, stable neighbors"
4451403,117627,2026-09-27T10:15:08.835Z,48E9F2,RYS8TU,4451313,28800,2026-09-27T10:14:48.614Z,58850,4451492,29700,2026-09-27T10:15:32.086Z,20.221,23.251,89164.72973641263,-75222.57107221194,B738,72800,POSSIBLE,"high altitude with temporally close, stable neighbors"
4451426,117633,2026-09-27T10:15:19.119Z,4BB18D,THY8LV,4451331,74575,2026-09-27T10:14:56.424Z,94700,4451515,74600,2026-09-27T10:15:40.606Z,22.695,21.487,53205.55188367482,-56126.96048773677,B789,94775,POSSIBLE,"high altitude with temporally close, stable neighbors"
4451692,117633,2026-09-27T10:16:25.256Z,4BB18D,THY8LV,4451604,74600,2026-09-27T10:16:01.614Z,94600,4451784,74600,2026-09-27T10:16:43.712Z,23.642,18.456,50757.1271466035,-65019.50585175553,B789,94775,POSSIBLE,"high altitude with temporally close, stable neighbors"
4451784,117633,2026-09-27T10:16:43.712Z,4BB18D,THY8LV,4451692,94600,2026-09-27T10:16:25.256Z,74600,4451872,94600,2026-09-27T10:17:08.616Z,18.456,24.904,-65019.50585175553,48185.030517185995,B789,94775,POSSIBLE,"high altitude with temporally close, stable neighbors"
4451872,117633,2026-09-27T10:17:08.616Z,4BB18D,THY8LV,4451784,74600,2026-09-27T10:16:43.712Z,94600,4451960,74600,2026-09-27T10:17:29.372Z,24.904,20.756,48185.030517185995,-57814.6078242436,B789,94775,POSSIBLE,"high altitude with temporally close, stable neighbors"
4452965,117633,2026-09-27T10:21:51.627Z,4BB18D,THY8LV,4452888,74600,2026-09-27T10:21:29.533Z,94600,4453044,74575,2026-09-27T10:22:13.141Z,22.094,21.514,54313.38825020367,-55847.35521056057,B789,94775,POSSIBLE,"high altitude with temporally close, stable neighbors"
4453948,117633,2026-09-27T10:26:33.704Z,4BB18D,THY8LV,4453873,74600,2026-09-27T10:26:11.478Z,94775,4454017,74600,2026-09-27T10:26:54.612Z,22.226,20.908,54463.24124898767,-57896.49894777119,B789,94775,POSSIBLE,"high altitude with temporally close, stable neighbors"
4451768,117636,2026-09-27T10:16:40.137Z,706074,KAC171,4451678,68400,2026-09-27T10:16:18.811Z,85900,4451858,68400,2026-09-27T10:17:01.762Z,21.326,21.625,49235.67476319985,-48554.91329479769,A21N,85900,POSSIBLE,"high altitude with temporally close, stable neighbors"
4452536,117636,2026-09-27T10:19:56.255Z,706074,KAC171,4452453,85900,2026-09-27T10:19:34.848Z,68400,4452622,85900,2026-09-27T10:20:18.452Z,21.407,22.197,-49049.3763722147,47303.689687795646,A21N,85900,POSSIBLE,"high altitude with temporally close, stable neighbors"
4452622,117636,2026-09-27T10:20:18.452Z,706074,KAC171,4452536,68400,2026-09-27T10:19:56.255Z,85900,4452708,68400,2026-09-27T10:20:39.237Z,22.197,20.785,47303.689687795646,-50517.19990377677,A21N,85900,POSSIBLE,"high altitude with temporally close, stable neighbors"
4454065,117636,2026-09-27T10:27:11.635Z,706074,KAC171,4453995,68400,2026-09-27T10:26:48.776Z,85900,4454133,68400,2026-09-27T10:27:33.475Z,22.859,21.84,45933.767881359636,-48076.92307692308,A21N,85900,POSSIBLE,"high altitude with temporally close, stable neighbors"
4451702,117645,2026-09-27T10:16:25.201Z,48AF0B,LOT6648,4451612,53800,2026-09-27T10:16:02.946Z,71700,4451791,53800,2026-09-27T10:16:47.016Z,22.255,21.815,48258.81824309144,-49232.17969287188,B38M,76400,POSSIBLE,"high altitude with temporally close, stable neighbors"
4451791,117645,2026-09-27T10:16:47.016Z,48AF0B,LOT6648,4451702,71700,2026-09-27T10:16:25.201Z,53800,4451879,71700,2026-09-27T10:17:08.670Z,21.815,21.654,-49232.17969287188,49598.22665558326,B38M,76400,POSSIBLE,"high altitude with temporally close, stable neighbors"
4453935,117649,2026-09-27T10:26:20.446Z,4AC9E9,SAS7902,4453862,38000,2026-09-27T10:26:07.836Z,118700,4454005,38000,2026-09-27T10:26:49.431Z,12.61,28.985,383980.9674861221,-167051.92340865967,A20N,118700,POSSIBLE,"high altitude with temporally close, stable neighbors"
4454303,117657,2026-09-27T10:28:30.415Z,4D252A,WZZ3BU,4454236,35000,2026-09-27T10:28:07.424Z,62775,4454414,34975,2026-09-27T10:28:52.512Z,22.991,22.097,72484.8853899352,-75485.3600036204,A21N,71025,POSSIBLE,"high altitude with temporally close, stable neighbors"
4453293,117668,2026-09-27T10:23:24.576Z,45AB28,FIN6HL,4453218,26325,2026-09-27T10:23:02.897Z,83700,4453369,26600,2026-09-27T10:23:46.479Z,21.679,21.903,158794.22482586835,-156416.92918778252,B738,118600,POSSIBLE,"high altitude with temporally close, stable neighbors"
4454312,117668,2026-09-27T10:28:30.549Z,45AB28,FIN6HL,4454245,34375,2026-09-27T10:28:08.680Z,61900,4454443,35325,2026-09-27T10:28:50.841Z,21.869,20.292,75517.85632630665,-78577.76463630988,B738,118600,POSSIBLE,"high altitude with temporally close, stable neighbors"
4454130,117686,2026-09-27T10:27:33.633Z,86E7BC,ANA218,4454062,28625,2026-09-27T10:27:11.580Z,73175,4454195,29375,2026-09-27T10:27:49.015Z,22.053,15.382,121207.9989117127,-170849.04433753737,B789,73175,POSSIBLE,"high altitude with temporally close, stable neighbors"
4454306,117690,2026-09-27T10:28:30.715Z,505C54,OMESB,4454239,2700,2026-09-27T10:28:08.625Z,60200,4454419,2700,2026-09-27T10:28:52.741Z,22.09,22.026,156179.2666364871,-156633.07000817216,WT9,60200,POSSIBLE,"high altitude with temporally close, stable neighbors"
4453723,117699,2026-09-27T10:25:28.385Z,471F31,WZZ99TY,4453649,68375,2026-09-27T10:25:06.269Z,106900,4453797,68375,2026-09-27T10:25:50.066Z,22.116,21.681,104517.09169831796,-106614.08606614087,A21N,106900,POSSIBLE,"high altitude with temporally close, stable neighbors"
4454182,117702,2026-09-27T10:27:48.610Z,48E9F5,RYR16T,4454115,85900,2026-09-27T10:27:27.311Z,68400,4454252,85900,2026-09-27T10:28:10.142Z,21.299,21.532,-49298.08911216489,48764.62938881665,B738,85900,POSSIBLE,"high altitude with temporally close, stable neighbors"
4454252,117702,2026-09-27T10:28:10.142Z,48E9F5,RYR16T,4454182,68400,2026-09-27T10:27:48.610Z,85900,4454319,68400,2026-09-27T10:28:33.037Z,21.532,22.895,48764.62938881665,-45861.541821358376,B738,85900,POSSIBLE,"high altitude with temporally close, stable neighbors"
