flightPositionId,flightId,originalAltitude
4444277,117301,72800
4444445,117301,72800
4444609,117301,72800
4443691,117339,68400
4443841,117339,68400
4443672,117340,72800
4444147,117346,72600
4443707,117356,74600
4444004,117365,80800
4444162,117365,80800
4444312,117365,80800
4443713,117368,76400
4444896,117368,76375
4444314,117369,74600
4444475,117369,74600
4445147,117369,74600
4445400,117369,74600
4443683,117376,76400
4443978,117376,76400
4446813,117376,76400
4443787,117377,71700
4444002,117384,74600
4444641,117384,74600
4444807,117384,74250
4445654,117384,71000
4445918,117384,71000
4444295,117388,79000
4446422,117388,79000
4444970,117391,60400
4444452,117394,68400
4447257,117399,68375
4444540,117400,69825
4445895,117400,71000
4446157,117400,71000
4444615,117402,80800
4443743,117407,74600
4445307,117407,74600
4445474,117407,74600
4445643,117407,74600
4446170,117407,74600
4445566,117412,71000
4443668,117416,74600
4443967,117416,74600
4445640,117416,74600
4447002,117416,74600
4444171,117417,76375
4446543,117419,68400
4444255,117422,72800
4444830,117422,72800
4445082,117422,72800
4445032,117424,63000
4445799,117424,71050
4443890,117427,71000
4444447,117427,71000
4445123,117429,68400
4444319,117430,64800
4444416,117432,74600
4444582,117432,74600
4445843,117432,74600
4446764,117432,74600
4447114,117432,74600
4447383,117432,74600
4447552,117432,74600
4444024,117433,66600
4445415,117433,70050
4445668,117433,71000
4445932,117433,71000
4446191,117433,71000
4446356,117433,71350
4446765,117433,74600
4444995,117434,74600
4445930,117434,74600
4444246,117435,69400
4444409,117435,67900
4445155,117435,66600
4444107,117437,66300
4444290,117438,74600
4447450,117438,74600
4447621,117438,74600
4447796,117438,74600
4443750,117439,76425
4444129,117439,71700
4444872,117439,76400
4446401,117440,74700
4446565,117440,73250
4444546,117441,71000
4444794,117441,71000
4446084,117441,71000
4446665,117441,71000
4446917,117441,71000
4447451,117441,71000
4446914,117442,72800
4447788,117442,72800
4443846,117443,72800
4444883,117443,72800
4446161,117443,72800
4446492,117443,72800
4447263,117443,72800
4448037,117443,72800
4445112,117453,80800
4445618,117453,80800
4447943,117453,80800
4444758,117454,68400
4445176,117454,68400
4444421,117457,72800
4444860,117458,71000
4445201,117458,71000
4445372,117458,70175
4446072,117458,71000
4446909,117458,71000
4447443,117458,71000
4447614,117458,71000
4444239,117459,71000
4444494,117460,61900
4445157,117460,64800
4444751,117461,74600
4445255,117461,74600
4446362,117461,74600
4446605,117461,74600
4447034,117461,74600
4447998,117461,74600
4446466,117464,72800
4446636,117464,72800
4446883,117464,72800
4447058,117464,72800
4447417,117464,72800
4448186,117464,72800
4448357,117464,72800
4449280,117464,72800
4449792,117464,72800
4450060,117464,72800
4450471,117464,72800
4451483,117464,72800
4444992,117465,82600
4445160,117465,82600
4445330,117465,82575
4446514,117465,82600
4446382,117467,80800
4446804,117468,76425
4444596,117469,74625
4446134,117469,74600
4447222,117469,74600
4446557,117470,60400
4444437,117471,72800
4445795,117471,72800
4445973,117471,72800
4446394,117471,72800
4447944,117471,72800
4445751,117475,72800
4446014,117475,72800
4446365,117478,72800
4446359,117480,70175
4446771,117480,70175
4446943,117480,71000
4447734,117480,71000
4448079,117480,71000
4449103,117480,71000
4447250,117481,68400
4447428,117481,68400
4447602,117481,68400
4448374,117481,72800
4448548,117481,72850
4448802,117481,74775
4446775,117483,82600
4445861,117484,71000
4446121,117484,71000
4446619,117484,69750
4447228,117484,66625
4446143,117485,72800
4446464,117485,72800
4447236,117485,72800
4447930,117485,72800
4448190,117485,72800
4449194,117485,72800
4445600,117486,71700
4446384,117486,76400
4449199,117486,76425
4447783,117493,74600
4448041,117493,74600
4449139,117493,74600
4450987,117493,74600
4451433,117493,74600
4451611,117493,74600
4451969,117493,74600
4453652,117493,71000
4445439,117495,71000
4445873,117495,71000
4446137,117495,71000
4446698,117495,71000
4447224,117495,71000
4448262,117495,71000
4448430,117495,71000
4449108,117495,71000
4446348,117496,72800
4447375,117496,72800
4448229,117496,72800
4450350,117496,72825
4445855,117497,72800
4446200,117497,72800
4447304,117497,72800
4446952,117498,71000
4447130,117498,71000
4448174,117498,71000
4446027,117499,63125
4447563,117499,68400
4449094,117499,68400
4449347,117499,68400
4445947,117500,71000
4446784,117500,71000
4447225,117500,71000
4447404,117500,71000
4449028,117500,71000
4449536,117500,71000
4446468,117501,60025
4447150,117501,60400
4447421,117501,60400
4448021,117501,60400
4448187,117501,60400
4449281,117501,60400
4449790,117501,60400
4450059,117501,60400
4450629,117501,60400
4446074,117503,72800
4447170,117503,72825
4445840,117504,74600
4446193,117504,74600
4446684,117504,74600
4447297,117504,74600
4447727,117504,74600
4448498,117504,74600
4448925,117504,74600
4449167,117504,74600
4449340,117504,74600
4449684,117504,74600
4449858,117504,74600
4447413,117505,71000
4447932,117505,71000
4448707,117505,71000
4449122,117505,71000
4449542,117505,71000
4447269,117506,63000
4449400,117506,63000
4448244,117507,66600
4449950,117507,71000
4448318,117508,71000
4449423,117508,71000
4452084,117508,71000
4452911,117508,71000
4447234,117509,70000
4448445,117509,61525
4447402,117511,74600
4446718,117512,72800
4446886,117512,72800
4449119,117512,72800
4446593,117513,66575
4449210,117514,66600
4447287,117515,72800
4447463,117515,72800
4447976,117515,72800
4448146,117515,72800
4447562,117516,71000
4448332,117516,71000
4448935,117516,71000
4449780,117516,71000
4449961,117516,71000
4450136,117516,71000
4450620,117516,71000
4447735,117517,80800
4448595,117517,80775
4447484,117518,72800
4448423,117518,72800
4448660,117520,71000
4448833,117520,71000
4449080,117520,71000
4449330,117520,71000
4450592,117520,71000
4450754,117520,71000
4448039,117521,82600
4449390,117521,82600
4448839,117524,72800
4449421,117524,72800
4450679,117524,72800
4451007,117524,72800
4447441,117527,61400
4450421,117530,66600
4450812,117531,68400
4451963,117531,71000
4452136,117531,71000
4452306,117531,71000
4452470,117531,71000
4452724,117531,71000
4453192,117531,71000
4447790,117532,72800
4448220,117532,72800
4448557,117532,72800
4449561,117532,72800
4450980,117532,72800
4451247,117532,72800
4451425,117532,72800
4451602,117532,72800
4452548,117532,72800
4452959,117532,72800
4447972,117534,74600
4448394,117534,74600
4447433,117535,63000
4448094,117538,71000
4448614,117538,71000
4449285,117538,71000
4450066,117538,71000
4450556,117538,71000
4450796,117538,71000
4451224,117538,71000
4452021,117538,71000
4451456,117542,68425
4447631,117543,74600
4448145,117543,74600
4448742,117543,74600
4449153,117543,74600
4447978,117545,74575
4451147,117549,68400
4451855,117549,68400
4447904,117550,72800
4448243,117550,72800
4448585,117550,72800
4448841,117550,72800
4451101,117550,72800
4447990,117551,71000
4448591,117551,71000
4448762,117551,71000
4448931,117551,71000
4449348,117551,71000
4450947,117551,71000
4451206,117551,71000
4451650,117551,71000
4451832,117551,71000
4452432,117551,71000
4450340,117552,71000
4450817,117552,71000
4451912,117554,86175
4451701,117555,79000
4448354,117556,68400
4448526,117556,68400
4449530,117556,68400
4449703,117556,68400
4450230,117556,68400
4451213,117556,68400
4450497,117558,65000
4448544,117559,72800
4449812,117559,72800
4449987,117559,72800
4451585,117559,72800
4452114,117559,72800
4452863,117559,72800
4450814,117561,66600
4450539,117567,80800
4451470,117567,80800
4451885,117569,76375
4451378,117571,71000
4449306,117573,72800
4449560,117573,72800
4449732,117573,72800
4450981,117573,72800
4451605,117573,72800
4452304,117573,72800
4452640,117573,72800
4452800,117573,72800
4452963,117573,72800
4452973,117574,68400
4453503,117574,72800
4449093,117575,72800
4450638,117577,79000
4450424,117578,70125
4450983,117578,72800
4449582,117579,68400
4450021,117579,68400
4449634,117581,72800
4449809,117581,72800
4449986,117581,72800
4450323,117581,72800
4450807,117582,66300
4451238,117582,71000
4451417,117582,71000
4451594,117582,71000
4452208,117582,71000
4452373,117582,71000
4449469,117585,68400
4450161,117585,68400
4450019,117590,74600
4452736,117594,72800
4452897,117594,72800
4453053,117594,72800
4454022,117594,72775
4451121,117595,79000
4450357,117596,72800
4450514,117596,72800
4451805,117596,72800
4452406,117596,72800
4450115,117597,74600
4450680,117597,73225
4450843,117597,71675
4450618,117598,68400
4450862,117598,68400
4451205,117598,68400
4450307,117599,80800
4452935,117599,80800
4454330,117600,64850
4450034,117602,72800
4452410,117602,72800
4452907,117602,72800
4453884,117602,72800
4454165,117602,72800
4452013,117605,72825
4452271,117605,72800
4453460,117605,72800
4450042,117606,66375
4451005,117606,70175
4451628,117606,71000
4451987,117606,70175
4453241,117607,72675
4454327,117607,76400
4453230,117609,71000
4453311,117610,74500
4453909,117610,79225
4450376,117611,74600
4450536,117611,74600
4451027,117611,74600
4451918,117611,74600
4453001,117611,74600
4453153,117611,74600
4451179,117612,74600
4450851,117620,66600
4452104,117621,68400
4450985,117623,72800
4451161,117623,72800
4451608,117623,72800
4451788,117623,72800
4453494,117623,72800
4451999,117625,74600
4453379,117625,74600
4453900,117625,74600
4454040,117625,74600
4454177,117625,74600
4454320,117625,74600
4452258,117626,80800
4451243,117631,74600
4451512,117631,74600
4452287,117636,68400
4453778,117638,68400
4453574,117640,64800
4451911,117642,71000
4452176,117642,71000
4452761,117642,71000
4453450,117642,71000
4453902,117642,71000
4451419,117644,71000
4453123,117645,76400
4454364,117645,76400
4452155,117646,74600
4452823,117646,74600
4453056,117646,74600
4452615,117647,74600
4452210,117650,71000
4452952,117650,71000
4452414,117657,71000
4452412,117658,72800
4452417,117659,71000
4453787,117661,70175
4452231,117662,74600
4452352,117663,72800
4454215,117664,71000
4453690,117674,72800
4453841,117674,72800
4454190,117674,72800
4454333,117674,72800
4453033,117675,72800
4453708,117675,72800
4453936,117675,72800
4454139,117675,72800
4453050,117676,72825
4453560,117680,68425
4454122,117681,76400
4453620,117682,72800
4453783,117683,76400
4453237,117685,74600
4454187,117685,74600
4454328,117685,74600
4454265,117686,60300
4454349,117688,72800
4454366,117693,71375
4453927,117704,72800
4454311,117708,68400
