id,flightId,recordedAt,originalAltitude
4443668,117416,2026-09-27T09:41:47.806Z,74600
4443672,117340,2026-09-27T09:41:40.543Z,72800
4443683,117376,2026-09-27T09:41:46.672Z,76400
4443691,117339,2026-09-27T09:41:48.352Z,68400
4443707,117356,2026-09-27T09:41:45.596Z,74600
4443713,117368,2026-09-27T09:41:43.959Z,76400
4443743,117407,2026-09-27T09:41:53.626Z,74600
4443750,117439,2026-09-27T09:42:08.744Z,76425
4443787,117377,2026-09-27T09:42:09.874Z,71700
4443841,117339,2026-09-27T09:42:30.545Z,68400
4443846,117443,2026-09-27T09:42:31.991Z,72800
4443890,117427,2026-09-27T09:42:53.588Z,71000
4443967,117416,2026-09-27T09:43:14.614Z,74600
4443978,117376,2026-09-27T09:43:14.696Z,76400
4444002,117384,2026-09-27T09:43:15.819Z,74600
4444004,117365,2026-09-27T09:43:15.655Z,80800
4444024,117433,2026-09-27T09:43:21.362Z,66600
4444107,117437,2026-09-27T09:43:41.523Z,66300
4444129,117439,2026-09-27T09:43:58.823Z,71700
4444147,117346,2026-09-27T09:43:46.291Z,72600
4444162,117365,2026-09-27T09:43:57.065Z,80800
4444171,117417,2026-09-27T09:44:01.532Z,76375
4444239,117459,2026-09-27T09:44:05.191Z,71000
4444246,117435,2026-09-27T09:44:23.376Z,69400
4444255,117422,2026-09-27T09:44:20.399Z,72800
4444277,117301,2026-09-27T09:44:42.246Z,72800
4444290,117438,2026-09-27T09:44:41.078Z,74600
4444295,117388,2026-09-27T09:44:41.591Z,79000
4444312,117365,2026-09-27T09:44:42.299Z,80800
4444314,117369,2026-09-27T09:44:41.261Z,74600
4444319,117430,2026-09-27T09:44:41.078Z,64800
4444409,117435,2026-09-27T09:45:06.006Z,67900
4444416,117432,2026-09-27T09:45:09.416Z,74600
4444421,117457,2026-09-27T09:44:57.650Z,72800
4444437,117471,2026-09-27T09:45:02.938Z,72800
4444445,117301,2026-09-27T09:45:26.045Z,72800
4444447,117427,2026-09-27T09:45:25.198Z,71000
4444452,117394,2026-09-27T09:45:25.526Z,68400
4444475,117369,2026-09-27T09:45:24.379Z,74600
4444494,117460,2026-09-27T09:45:28.309Z,61900
4444540,117400,2026-09-27T09:45:47.040Z,69825
4444546,117441,2026-09-27T09:45:47.918Z,71000
4444582,117432,2026-09-27T09:45:53.982Z,74600
4444596,117469,2026-09-27T09:45:46.240Z,74625
4444609,117301,2026-09-27T09:46:08.640Z,72800
4444615,117402,2026-09-27T09:46:08.613Z,80800
4444641,117384,2026-09-27T09:46:08.285Z,74600
4444751,117461,2026-09-27T09:46:40.155Z,74600
4444758,117454,2026-09-27T09:46:36.042Z,68400
4444794,117441,2026-09-27T09:46:52.771Z,71000
4444807,117384,2026-09-27T09:46:52.608Z,74250
4444830,117422,2026-09-27T09:46:58.041Z,72800
4444860,117458,2026-09-27T09:47:07.170Z,71000
4444872,117439,2026-09-27T09:47:13.767Z,76400
4444883,117443,2026-09-27T09:47:15.082Z,72800
4444896,117368,2026-09-27T09:47:14.423Z,76375
4444970,117391,2026-09-27T09:47:36.926Z,60400
4444992,117465,2026-09-27T09:47:41.406Z,82600
4444995,117434,2026-09-27T09:47:41.624Z,74600
4445032,117424,2026-09-27T09:47:53.668Z,63000
4445082,117422,2026-09-27T09:47:58.363Z,72800
4445112,117453,2026-09-27T09:48:09.441Z,80800
4445123,117429,2026-09-27T09:48:19.140Z,68400
4445147,117369,2026-09-27T09:48:08.083Z,74600
4445155,117435,2026-09-27T09:48:23.293Z,66600
4445157,117460,2026-09-27T09:48:21.886Z,64800
4445160,117465,2026-09-27T09:48:26.762Z,82600
4445176,117454,2026-09-27T09:48:31.432Z,68400
4445201,117458,2026-09-27T09:48:41.469Z,71000
4445255,117461,2026-09-27T09:48:51.311Z,74600
4445307,117407,2026-09-27T09:49:03.053Z,74600
4445330,117465,2026-09-27T09:49:06.681Z,82575
4445372,117458,2026-09-27T09:49:25.550Z,70175
4445400,117369,2026-09-27T09:49:21.922Z,74600
4445415,117433,2026-09-27T09:49:30.411Z,70050
4445439,117495,2026-09-27T09:49:38.414Z,71000
4445474,117407,2026-09-27T09:49:45.905Z,74600
4445566,117412,2026-09-27T09:50:09.191Z,71000
4445600,117486,2026-09-27T09:50:21.423Z,71700
4445618,117453,2026-09-27T09:50:23.303Z,80800
4445640,117416,2026-09-27T09:50:29.643Z,74600
4445643,117407,2026-09-27T09:50:30.349Z,74600
4445654,117384,2026-09-27T09:50:31.035Z,71000
4445668,117433,2026-09-27T09:50:32.627Z,71000
4445751,117475,2026-09-27T09:50:55.581Z,72800
4445795,117471,2026-09-27T09:51:11.010Z,72800
4445799,117424,2026-09-27T09:51:13.558Z,71050
4445840,117504,2026-09-27T09:51:20.123Z,74600
4445843,117432,2026-09-27T09:51:20.122Z,74600
4445855,117497,2026-09-27T09:51:24.201Z,72800
4445861,117484,2026-09-27T09:51:26.932Z,71000
4445873,117495,2026-09-27T09:51:29.445Z,71000
4445895,117400,2026-09-27T09:51:35.993Z,71000
4445918,117384,2026-09-27T09:51:32.284Z,71000
4445930,117434,2026-09-27T09:51:41.176Z,74600
4445932,117433,2026-09-27T09:51:41.179Z,71000
4445947,117500,2026-09-27T09:51:48.965Z,71000
4445973,117471,2026-09-27T09:51:41.180Z,72800
4446014,117475,2026-09-27T09:52:01.284Z,72800
4446027,117499,2026-09-27T09:52:06.962Z,63125
4446072,117458,2026-09-27T09:52:16.521Z,71000
4446074,117503,2026-09-27T09:52:19.271Z,72800
4446084,117441,2026-09-27T09:52:20.259Z,71000
4446121,117484,2026-09-27T09:52:31.594Z,71000
4446134,117469,2026-09-27T09:52:31.285Z,74600
4446137,117495,2026-09-27T09:52:34.360Z,71000
4446143,117485,2026-09-27T09:52:34.466Z,72800
4446157,117400,2026-09-27T09:52:41.039Z,71000
4446161,117443,2026-09-27T09:52:41.914Z,72800
4446170,117407,2026-09-27T09:52:42.050Z,74600
4446191,117433,2026-09-27T09:52:46.828Z,71000
4446193,117504,2026-09-27T09:52:46.910Z,74600
4446200,117497,2026-09-27T09:52:49.824Z,72800
4446348,117496,2026-09-27T09:53:27.727Z,72800
4446356,117433,2026-09-27T09:53:33.526Z,71350
4446359,117480,2026-09-27T09:53:36.209Z,70175
4446362,117461,2026-09-27T09:53:36.207Z,74600
4446365,117478,2026-09-27T09:53:36.803Z,72800
4446382,117467,2026-09-27T09:53:36.209Z,80800
4446384,117486,2026-09-27T09:53:40.240Z,76400
4446394,117471,2026-09-27T09:53:39.349Z,72800
4446401,117440,2026-09-27T09:53:45.542Z,74700
4446422,117388,2026-09-27T09:53:45.842Z,79000
4446464,117485,2026-09-27T09:54:01.567Z,72800
4446466,117464,2026-09-27T09:54:00.611Z,72800
4446468,117501,2026-09-27T09:54:01.953Z,60025
4446492,117443,2026-09-27T09:54:08.068Z,72800
4446514,117465,2026-09-27T09:54:16.586Z,82600
4446543,117419,2026-09-27T09:54:23.248Z,68400
4446557,117470,2026-09-27T09:54:26.689Z,60400
4446565,117440,2026-09-27T09:54:25.496Z,73250
4446593,117513,2026-09-27T09:54:19.169Z,66575
4446605,117461,2026-09-27T09:54:42.194Z,74600
4446619,117484,2026-09-27T09:54:45.491Z,69750
4446636,117464,2026-09-27T09:54:45.499Z,72800
4446665,117441,2026-09-27T09:54:33.238Z,71000
4446684,117504,2026-09-27T09:54:57.568Z,74600
4446698,117495,2026-09-27T09:55:05.964Z,71000
4446718,117512,2026-09-27T09:55:06.885Z,72800
4446764,117432,2026-09-27T09:55:22.177Z,74600
4446765,117433,2026-09-27T09:55:21.903Z,74600
4446771,117480,2026-09-27T09:55:25.044Z,70175
4446775,117483,2026-09-27T09:55:25.290Z,82600
4446784,117500,2026-09-27T09:55:16.360Z,71000
4446804,117468,2026-09-27T09:55:28.432Z,76425
4446813,117376,2026-09-27T09:55:35.014Z,76400
4446883,117464,2026-09-27T09:55:47.739Z,72800
4446886,117512,2026-09-27T09:55:49.709Z,72800
4446909,117458,2026-09-27T09:55:54.098Z,71000
4446914,117442,2026-09-27T09:55:56.094Z,72800
4446917,117441,2026-09-27T09:55:56.313Z,71000
4446943,117480,2026-09-27T09:56:05.625Z,71000
4446952,117498,2026-09-27T09:56:05.570Z,71000
4447002,117416,2026-09-27T09:56:18.431Z,74600
4447034,117461,2026-09-27T09:56:30.719Z,74600
4447058,117464,2026-09-27T09:56:30.692Z,72800
4447114,117432,2026-09-27T09:56:46.413Z,74600
4447130,117498,2026-09-27T09:56:56.494Z,71000
4447150,117501,2026-09-27T09:56:56.633Z,60400
4447170,117503,2026-09-27T09:57:01.737Z,72825
4447222,117469,2026-09-27T09:57:17.766Z,74600
4447224,117495,2026-09-27T09:57:18.097Z,71000
4447225,117500,2026-09-27T09:57:10.779Z,71000
4447228,117484,2026-09-27T09:57:17.309Z,66625
4447234,117509,2026-09-27T09:57:18.808Z,70000
4447236,117485,2026-09-27T09:57:17.358Z,72800
4447250,117481,2026-09-27T09:57:21.319Z,68400
4447257,117399,2026-09-27T09:57:23.528Z,68375
4447263,117443,2026-09-27T09:57:23.412Z,72800
4447269,117506,2026-09-27T09:57:24.542Z,63000
4447287,117515,2026-09-27T09:57:26.791Z,72800
4447297,117504,2026-09-27T09:57:34.045Z,74600
4447304,117497,2026-09-27T09:57:36.417Z,72800
4447375,117496,2026-09-27T09:57:50.647Z,72800
4447383,117432,2026-09-27T09:57:48.102Z,74600
4447402,117511,2026-09-27T09:58:03.431Z,74600
4447404,117500,2026-09-27T09:58:03.440Z,71000
4447413,117505,2026-09-27T09:58:03.433Z,71000
4447417,117464,2026-09-27T09:58:03.442Z,72800
4447421,117501,2026-09-27T09:58:03.435Z,60400
4447428,117481,2026-09-27T09:58:03.426Z,68400
4447433,117535,2026-09-27T09:58:06.379Z,63000
4447441,117527,2026-09-27T09:58:09.252Z,61400
4447443,117458,2026-09-27T09:58:06.590Z,71000
4447450,117438,2026-09-27T09:58:09.236Z,74600
4447451,117441,2026-09-27T09:58:00.560Z,71000
4447463,117515,2026-09-27T09:58:10.114Z,72800
4447484,117518,2026-09-27T09:58:17.492Z,72800
4447552,117432,2026-09-27T09:58:34.693Z,74600
4447562,117516,2026-09-27T09:58:40.237Z,71000
4447563,117499,2026-09-27T09:58:40.291Z,68400
4447602,117481,2026-09-27T09:58:40.400Z,68400
4447614,117458,2026-09-27T09:58:46.001Z,71000
4447621,117438,2026-09-27T09:58:36.478Z,74600
4447631,117543,2026-09-27T09:58:55.047Z,74600
4447727,117504,2026-09-27T09:59:24.579Z,74600
4447734,117480,2026-09-27T09:59:26.466Z,71000
4447735,117517,2026-09-27T09:59:19.985Z,80800
4447783,117493,2026-09-27T09:59:26.928Z,74600
4447788,117442,2026-09-27T09:59:35.729Z,72800
4447790,117532,2026-09-27T09:59:37.222Z,72800
4447796,117438,2026-09-27T09:59:17.621Z,74600
4447904,117550,2026-09-27T09:59:52.651Z,72800
4447930,117485,2026-09-27T10:00:13.898Z,72800
4447932,117505,2026-09-27T10:00:14.445Z,71000
4447943,117453,2026-09-27T10:00:16.678Z,80800
4447944,117471,2026-09-27T10:00:17.363Z,72800
4447972,117534,2026-09-27T10:00:23.948Z,74600
4447976,117515,2026-09-27T10:00:20.944Z,72800
4447978,117545,2026-09-27T10:00:25.571Z,74575
4447990,117551,2026-09-27T10:00:31.746Z,71000
4447998,117461,2026-09-27T10:00:32.791Z,74600
4448021,117501,2026-09-27T10:00:36.021Z,60400
4448037,117443,2026-09-27T10:00:41.100Z,72800
4448039,117521,2026-09-27T10:00:41.833Z,82600
4448041,117493,2026-09-27T10:00:42.053Z,74600
4448079,117480,2026-09-27T10:00:54.287Z,71000
4448094,117538,2026-09-27T10:00:57.887Z,71000
4448145,117543,2026-09-27T10:01:06.900Z,74600
4448146,117515,2026-09-27T10:01:06.833Z,72800
4448174,117498,2026-09-27T10:01:19.516Z,71000
4448186,117464,2026-09-27T10:01:19.095Z,72800
4448187,117501,2026-09-27T10:01:20.064Z,60400
4448190,117485,2026-09-27T10:01:19.544Z,72800
4448220,117532,2026-09-27T10:01:24.902Z,72800
4448229,117496,2026-09-27T10:01:24.903Z,72800
4448243,117550,2026-09-27T10:01:35.082Z,72800
4448244,117507,2026-09-27T10:01:34.917Z,66600
4448262,117495,2026-09-27T10:01:41.936Z,71000
4448318,117508,2026-09-27T10:01:54.715Z,71000
4448332,117516,2026-09-27T10:02:00.335Z,71000
4448354,117556,2026-09-27T10:02:01.077Z,68400
4448357,117464,2026-09-27T10:01:44.830Z,72800
4448374,117481,2026-09-27T10:02:06.702Z,72800
4448394,117534,2026-09-27T10:02:13.089Z,74600
4448423,117518,2026-09-27T10:02:22.461Z,72800
4448430,117495,2026-09-27T10:02:24.173Z,71000
4448445,117509,2026-09-27T10:02:24.999Z,61525
4448498,117504,2026-09-27T10:02:41.438Z,74600
4448526,117556,2026-09-27T10:02:46.218Z,68400
4448544,117559,2026-09-27T10:02:49.793Z,72800
4448548,117481,2026-09-27T10:02:50.254Z,72850
4448557,117532,2026-09-27T10:02:53.255Z,72800
4448585,117550,2026-09-27T10:03:02.682Z,72800
4448591,117551,2026-09-27T10:03:06.288Z,71000
4448595,117517,2026-09-27T10:03:03.252Z,80775
4448614,117538,2026-09-27T10:03:09.372Z,71000
4448660,117520,2026-09-27T10:03:12.075Z,71000
4448707,117505,2026-09-27T10:03:26.562Z,71000
4448742,117543,2026-09-27T10:03:39.297Z,74600
4448762,117551,2026-09-27T10:03:48.295Z,71000
4448802,117481,2026-09-27T10:03:54.968Z,74775
4448833,117520,2026-09-27T10:04:05.159Z,71000
4448839,117524,2026-09-27T10:04:08.629Z,72800
4448841,117550,2026-09-27T10:04:08.408Z,72800
4448925,117504,2026-09-27T10:04:29.160Z,74600
4448931,117551,2026-09-27T10:04:32.382Z,71000
4448935,117516,2026-09-27T10:04:33.583Z,71000
4449028,117500,2026-09-27T10:04:56.948Z,71000
4449080,117520,2026-09-27T10:05:09.251Z,71000
4449093,117575,2026-09-27T10:05:15.382Z,72800
4449094,117499,2026-09-27T10:05:17.195Z,68400
4449103,117480,2026-09-27T10:05:16.758Z,71000
4449108,117495,2026-09-27T10:05:20.387Z,71000
4449119,117512,2026-09-27T10:05:20.005Z,72800
4449122,117505,2026-09-27T10:05:18.529Z,71000
4449139,117493,2026-09-27T10:05:26.206Z,74600
4449153,117543,2026-09-27T10:05:26.803Z,74600
4449167,117504,2026-09-27T10:05:32.793Z,74600
4449194,117485,2026-09-27T10:05:40.192Z,72800
4449199,117486,2026-09-27T10:05:40.192Z,76425
4449210,117514,2026-09-27T10:05:44.417Z,66600
4449280,117464,2026-09-27T10:06:03.723Z,72800
4449281,117501,2026-09-27T10:06:03.586Z,60400
4449285,117538,2026-09-27T10:06:03.453Z,71000
4449306,117573,2026-09-27T10:06:10.062Z,72800
4449330,117520,2026-09-27T10:06:14.987Z,71000
4449340,117504,2026-09-27T10:06:17.941Z,74600
4449347,117499,2026-09-27T10:06:14.986Z,68400
4449348,117551,2026-09-27T10:06:22.348Z,71000
4449390,117521,2026-09-27T10:06:31.933Z,82600
4449400,117506,2026-09-27T10:06:27.347Z,63000
4449421,117524,2026-09-27T10:06:40.426Z,72800
4449423,117508,2026-09-27T10:06:39.930Z,71000
4449469,117585,2026-09-27T10:06:49.172Z,68400
4449530,117556,2026-09-27T10:07:04.076Z,68400
4449536,117500,2026-09-27T10:07:08.688Z,71000
4449542,117505,2026-09-27T10:07:08.166Z,71000
4449560,117573,2026-09-27T10:07:14.501Z,72800
4449561,117532,2026-09-27T10:07:15.130Z,72800
4449582,117579,2026-09-27T10:07:13.583Z,68400
4449634,117581,2026-09-27T10:07:26.244Z,72800
4449684,117504,2026-09-27T10:07:46.478Z,74600
4449703,117556,2026-09-27T10:07:51.860Z,68400
4449732,117573,2026-09-27T10:07:58.769Z,72800
4449780,117516,2026-09-27T10:08:09.689Z,71000
4449790,117501,2026-09-27T10:08:12.724Z,60400
4449792,117464,2026-09-27T10:08:10.756Z,72800
4449809,117581,2026-09-27T10:08:12.724Z,72800
4449812,117559,2026-09-27T10:08:15.853Z,72800
4449858,117504,2026-09-27T10:08:29.161Z,74600
4449950,117507,2026-09-27T10:08:51.259Z,71000
4449961,117516,2026-09-27T10:08:54.590Z,71000
4449986,117581,2026-09-27T10:08:57.943Z,72800
4449987,117559,2026-09-27T10:09:00.920Z,72800
4450019,117590,2026-09-27T10:09:07.309Z,74600
4450021,117579,2026-09-27T10:09:07.282Z,68400
4450034,117602,2026-09-27T10:09:12.118Z,72800
4450042,117606,2026-09-27T10:09:16.430Z,66375
4450059,117501,2026-09-27T10:09:20.004Z,60400
4450060,117464,2026-09-27T10:09:19.269Z,72800
4450066,117538,2026-09-27T10:09:19.297Z,71000
4450115,117597,2026-09-27T10:09:32.483Z,74600
4450136,117516,2026-09-27T10:09:38.138Z,71000
4450161,117585,2026-09-27T10:09:44.882Z,68400
4450230,117556,2026-09-27T10:09:55.764Z,68400
4450307,117599,2026-09-27T10:10:11.972Z,80800
4450323,117581,2026-09-27T10:10:28.003Z,72800
4450340,117552,2026-09-27T10:10:30.516Z,71000
4450350,117496,2026-09-27T10:10:33.681Z,72825
4450357,117596,2026-09-27T10:10:37.831Z,72800
4450376,117611,2026-09-27T10:10:43.717Z,74600
4450421,117530,2026-09-27T10:10:49.488Z,66600
4450424,117578,2026-09-27T10:10:55.267Z,70125
4450471,117464,2026-09-27T10:11:08.745Z,72800
4450497,117558,2026-09-27T10:11:14.311Z,65000
4450514,117596,2026-09-27T10:11:21.522Z,72800
4450536,117611,2026-09-27T10:11:26.953Z,74600
4450539,117567,2026-09-27T10:11:27.394Z,80800
4450556,117538,2026-09-27T10:11:29.825Z,71000
4450592,117520,2026-09-27T10:11:42.152Z,71000
4450618,117598,2026-09-27T10:11:49.676Z,68400
4450620,117516,2026-09-27T10:11:45.904Z,71000
4450629,117501,2026-09-27T10:11:52.625Z,60400
4450638,117577,2026-09-27T10:11:55.601Z,79000
4450679,117524,2026-09-27T10:12:07.590Z,72800
4450680,117597,2026-09-27T10:12:08.244Z,73225
4450754,117520,2026-09-27T10:12:27.113Z,71000
4450796,117538,2026-09-27T10:12:36.395Z,71000
4450807,117582,2026-09-27T10:12:39.565Z,66300
4450812,117531,2026-09-27T10:12:41.778Z,68400
4450814,117561,2026-09-27T10:12:42.682Z,66600
4450817,117552,2026-09-27T10:12:42.132Z,71000
4450843,117597,2026-09-27T10:12:52.049Z,71675
4450851,117620,2026-09-27T10:12:54.853Z,66600
4450862,117598,2026-09-27T10:12:54.866Z,68400
4450947,117551,2026-09-27T10:13:17.029Z,71000
4450980,117532,2026-09-27T10:13:29.089Z,72800
4450981,117573,2026-09-27T10:13:29.424Z,72800
4450983,117578,2026-09-27T10:13:30.110Z,72800
4450985,117623,2026-09-27T10:13:30.544Z,72800
4450987,117493,2026-09-27T10:13:29.087Z,74600
4451005,117606,2026-09-27T10:13:33.961Z,70175
4451007,117524,2026-09-27T10:13:36.851Z,72800
4451027,117611,2026-09-27T10:13:39.231Z,74600
4451101,117550,2026-09-27T10:13:57.744Z,72800
4451121,117595,2026-09-27T10:14:02.028Z,79000
4451147,117549,2026-09-27T10:14:07.685Z,68400
4451161,117623,2026-09-27T10:14:13.637Z,72800
4451179,117612,2026-09-27T10:14:10.087Z,74600
4451205,117598,2026-09-27T10:14:16.856Z,68400
4451206,117551,2026-09-27T10:14:23.140Z,71000
4451213,117556,2026-09-27T10:14:07.548Z,68400
4451224,117538,2026-09-27T10:14:25.308Z,71000
4451238,117582,2026-09-27T10:14:29.717Z,71000
4451243,117631,2026-09-27T10:14:35.045Z,74600
4451247,117532,2026-09-27T10:14:34.638Z,72800
4451378,117571,2026-09-27T10:15:06.009Z,71000
4451417,117582,2026-09-27T10:15:11.936Z,71000
4451419,117644,2026-09-27T10:15:08.634Z,71000
4451425,117532,2026-09-27T10:15:11.881Z,72800
4451433,117493,2026-09-27T10:15:19.284Z,74600
4451456,117542,2026-09-27T10:15:25.892Z,68425
4451470,117567,2026-09-27T10:15:28.154Z,80800
4451483,117464,2026-09-27T10:15:31.077Z,72800
4451512,117631,2026-09-27T10:15:38.706Z,74600
4451585,117559,2026-09-27T10:15:57.290Z,72800
4451594,117582,2026-09-27T10:15:55.568Z,71000
4451602,117532,2026-09-27T10:15:59.887Z,72800
4451605,117573,2026-09-27T10:16:01.612Z,72800
4451608,117623,2026-09-27T10:16:03.029Z,72800
4451611,117493,2026-09-27T10:15:55.568Z,74600
4451628,117606,2026-09-27T10:16:05.514Z,71000
4451650,117551,2026-09-27T10:16:11.708Z,71000
4451701,117555,2026-09-27T10:16:24.356Z,79000
4451788,117623,2026-09-27T10:16:46.770Z,72800
4451805,117596,2026-09-27T10:16:49.505Z,72800
4451832,117551,2026-09-27T10:16:55.976Z,71000
4451855,117549,2026-09-27T10:17:01.285Z,68400
4451885,117569,2026-09-27T10:16:54.929Z,76375
4451911,117642,2026-09-27T10:17:17.683Z,71000
4451912,117554,2026-09-27T10:17:17.763Z,86175
4451918,117611,2026-09-27T10:17:14.845Z,74600
4451963,117531,2026-09-27T10:17:30.132Z,71000
4451969,117493,2026-09-27T10:17:29.564Z,74600
4451987,117606,2026-09-27T10:17:29.100Z,70175
4451999,117625,2026-09-27T10:17:36.741Z,74600
4452013,117605,2026-09-27T10:17:29.969Z,72825
4452021,117538,2026-09-27T10:17:41.399Z,71000
4452084,117508,2026-09-27T10:17:58.041Z,71000
4452104,117621,2026-09-27T10:18:03.324Z,68400
4452114,117559,2026-09-27T10:18:06.450Z,72800
4452136,117531,2026-09-27T10:18:13.691Z,71000
4452155,117646,2026-09-27T10:18:15.905Z,74600
4452176,117642,2026-09-27T10:18:22.062Z,71000
4452208,117582,2026-09-27T10:18:28.412Z,71000
4452210,117650,2026-09-27T10:18:28.297Z,71000
4452231,117662,2026-09-27T10:18:33.845Z,74600
4452258,117626,2026-09-27T10:18:43.375Z,80800
4452271,117605,2026-09-27T10:18:46.428Z,72800
4452287,117636,2026-09-27T10:18:49.542Z,68400
4452304,117573,2026-09-27T10:18:54.485Z,72800
4452306,117531,2026-09-27T10:18:56.564Z,71000
4452352,117663,2026-09-27T10:19:09.807Z,72800
4452373,117582,2026-09-27T10:19:12.047Z,71000
4452406,117596,2026-09-27T10:19:21.329Z,72800
4452410,117602,2026-09-27T10:19:24.462Z,72800
4452412,117658,2026-09-27T10:19:24.457Z,72800
4452414,117657,2026-09-27T10:19:21.332Z,71000
4452417,117659,2026-09-27T10:19:25.013Z,71000
4452432,117551,2026-09-27T10:19:28.563Z,71000
4452470,117531,2026-09-27T10:19:40.118Z,71000
4452548,117532,2026-09-27T10:19:54.925Z,72800
4452615,117647,2026-09-27T10:20:17.606Z,74600
4452640,117573,2026-09-27T10:20:23.504Z,72800
4452724,117531,2026-09-27T10:20:45.633Z,71000
4452736,117594,2026-09-27T10:20:43.196Z,72800
4452761,117642,2026-09-27T10:20:55.619Z,71000
4452800,117573,2026-09-27T10:20:54.647Z,72800
4452823,117646,2026-09-27T10:21:03.571Z,74600
4452863,117559,2026-09-27T10:21:22.088Z,72800
4452897,117594,2026-09-27T10:21:32.406Z,72800
4452907,117602,2026-09-27T10:21:36.035Z,72800
4452911,117508,2026-09-27T10:21:35.878Z,71000
4452935,117599,2026-09-27T10:21:41.937Z,80800
4452952,117650,2026-09-27T10:21:44.790Z,71000
4452959,117532,2026-09-27T10:21:44.783Z,72800
4452963,117573,2026-09-27T10:21:32.514Z,72800
4452973,117574,2026-09-27T10:21:51.080Z,68400
4453001,117611,2026-09-27T10:22:00.747Z,74600
4453033,117675,2026-09-27T10:22:10.113Z,72800
4453050,117676,2026-09-27T10:22:07.218Z,72825
4453053,117594,2026-09-27T10:22:15.310Z,72800
4453056,117646,2026-09-27T10:22:16.230Z,74600
4453123,117645,2026-09-27T10:22:30.528Z,76400
4453153,117611,2026-09-27T10:22:39.520Z,74600
4453192,117531,2026-09-27T10:22:54.947Z,71000
4453230,117609,2026-09-27T10:23:03.168Z,71000
4453237,117685,2026-09-27T10:23:08.137Z,74600
4453241,117607,2026-09-27T10:23:07.979Z,72675
4453311,117610,2026-09-27T10:23:30.201Z,74500
4453379,117625,2026-09-27T10:23:48.908Z,74600
4453450,117642,2026-09-27T10:24:10.644Z,71000
4453460,117605,2026-09-27T10:24:12.423Z,72800
4453494,117623,2026-09-27T10:24:22.796Z,72800
4453503,117574,2026-09-27T10:24:21.950Z,72800
4453560,117680,2026-09-27T10:24:41.730Z,68425
4453574,117640,2026-09-27T10:24:44.916Z,64800
4453620,117682,2026-09-27T10:24:57.640Z,72800
4453652,117493,2026-09-27T10:24:47.944Z,71000
4453690,117674,2026-09-27T10:25:19.048Z,72800
4453708,117675,2026-09-27T10:25:23.504Z,72800
4453778,117638,2026-09-27T10:25:39.153Z,68400
4453783,117683,2026-09-27T10:25:46.256Z,76400
4453787,117661,2026-09-27T10:25:29.941Z,70175
4453841,117674,2026-09-27T10:25:58.595Z,72800
4453884,117602,2026-09-27T10:26:18.086Z,72800
4453900,117625,2026-09-27T10:26:20.442Z,74600
4453902,117642,2026-09-27T10:26:21.141Z,71000
4453909,117610,2026-09-27T10:26:24.455Z,79225
4453927,117704,2026-09-27T10:26:24.613Z,72800
4453936,117675,2026-09-27T10:26:30.098Z,72800
4454022,117594,2026-09-27T10:26:55.057Z,72775
4454040,117625,2026-09-27T10:27:01.941Z,74600
4454122,117681,2026-09-27T10:27:27.312Z,76400
4454139,117675,2026-09-27T10:27:33.634Z,72800
4454165,117602,2026-09-27T10:27:43.479Z,72800
4454177,117625,2026-09-27T10:27:46.481Z,74600
4454187,117685,2026-09-27T10:27:52.704Z,74600
4454190,117674,2026-09-27T10:27:52.458Z,72800
4454215,117664,2026-09-27T10:27:55.322Z,71000
4454265,117686,2026-09-27T10:28:16.682Z,60300
4454311,117708,2026-09-27T10:28:29.073Z,68400
4454320,117625,2026-09-27T10:28:23.589Z,74600
4454327,117607,2026-09-27T10:28:36.533Z,76400
4454328,117685,2026-09-27T10:28:36.406Z,74600
4454330,117600,2026-09-27T10:28:36.533Z,64850
4454333,117674,2026-09-27T10:28:36.315Z,72800
4454349,117688,2026-09-27T10:28:42.208Z,72800
4454364,117645,2026-09-27T10:28:45.758Z,76400
4454366,117693,2026-09-27T10:28:32.380Z,71375
